timestamp,experiment,phase,sample_index,target_lat,target_lon,target_alt,north_m,east_m,target_drift_m,vn,ve,vd,commanded_speed_mps,commanded_accel_mps2,profile,engine,route
2026-07-06T16:41:09.831453+00:00,E5_companion_post_access_bridge,injection,1,37.56650092104279,126.97800116198466,20.0,0.10253048327204942,0.10253048327204939,0.14483708548479263,0.20506096654409883,0.20506096654409878,0.0,0.29000000000000004,0.5800000000000001,ekf-smooth,gps-input,local-companion-json-plan-to-trusted-mavlink-gps-input
2026-07-06T16:41:10.364012+00:00,E5_companion_post_access_bridge,injection,2,37.56650355713077,126.9780044876649,20.0,0.39597979746446665,0.3959797974644666,0.5593708063186627,0.5868986283848345,0.5868986283848344,0.0,0.8300000000000001,1.0799999999999998,ekf-smooth,gps-input,local-companion-json-plan-to-trusted-mavlink-gps-input
2026-07-06T16:41:10.919600+00:00,E5_companion_post_access_bridge,injection,3,37.56650771770337,126.97800973663013,20.0,0.8591347391416552,0.8591347391416551,1.2136348578057414,0.926309883354377,0.9263098833543769,0.0,1.3099999999999996,0.9599999999999991,ekf-smooth,gps-input,local-companion-json-plan-to-trusted-mavlink-gps-input
2026-07-06T16:41:11.468808+00:00,E5_companion_post_access_bridge,injection,4,37.56651321220001,126.97801666846969,20.0,1.4707821048680194,1.4707821048680192,2.0776629287200565,1.2232947314527285,1.2232947314527283,0.0,1.7300000000000018,0.8400000000000041,ekf-smooth,gps-input,local-companion-json-plan-to-trusted-mavlink-gps-input
2026-07-06T16:41:12.028916+00:00,E5_companion_post_access_bridge,injection,5,37.566519850060104,126.97802504277297,20.0,2.209708691207961,2.2097086912079607,3.121488704697864,1.4778531726798834,1.477853172679883,0.0,2.0899999999999985,0.7199999999999933,ekf-smooth,gps-input,local-companion-json-plan-to-trusted-mavlink-gps-input
2026-07-06T16:41:12.538840+00:00,E5_companion_post_access_bridge,injection,6,37.56652744072309,126.97803461912936,20.0,3.054701294725885,3.0547012947258847,4.315145876084159,1.689985207035848,1.689985207035848,0.0,2.3899999999999992,0.600000000000002,ekf-smooth,gps-input,local-companion-json-plan-to-trusted-mavlink-gps-input
2026-07-06T16:41:13.087204+00:00,E5_companion_post_access_bridge,injection,7,37.56653579362838,126.97804515712822,20.0,3.984546711986195,3.9845467119861944,5.628668131143089,1.8596908345206193,1.8596908345206193,0.0,2.629999999999999,0.47999999999999954,ekf-smooth,gps-input,local-companion-json-plan-to-trusted-mavlink-gps-input
2026-07-06T16:41:13.632070+00:00,E5_companion_post_access_bridge,injection,8,37.56654471821541,126.97805641635895,20.0,4.9780317395532965,4.978031739553296,7.032089167566192,1.9869700551342033,1.9869700551342024,0.0,2.8100000000000063,0.3600000000000141,ekf-smooth,gps-input,local-companion-json-plan-to-trusted-mavlink-gps-input
2026-07-06T16:41:14.150794+00:00,E5_companion_post_access_bridge,injection,9,37.56655402392359,126.97806815641093,20.0,6.013943173991588,6.013943173991587,8.49544268491622,2.0718228688765823,2.0718228688765823,0.0,2.929999999999997,0.2399999999999822,ekf-smooth,gps-input,local-companion-json-plan-to-trusted-mavlink-gps-input
2026-07-06T16:41:14.698529+00:00,E5_companion_post_access_bridge,injection,10,37.56656352019235,126.97808013687352,20.0,7.0710678118654755,7.071067811865475,9.988762391826127,2.1142492757477758,2.1142492757477758,0.0,2.989999999999998,0.12000000000000177,ekf-smooth,gps-input,local-companion-json-plan-to-trusted-mavlink-gps-input
2026-07-06T16:41:15.215318+00:00,E5_companion_post_access_bridge,injection,11,37.5665730164611,126.9780921173361,20.0,8.128192449739364,8.128192449739364,11.482082002990271,2.1142492757477775,2.1142492757477793,0.0,2.990000000000002,7.944109290391274e-15,ekf-smooth,gps-input,local-companion-json-plan-to-trusted-mavlink-gps-input
2026-07-06T16:41:15.766634+00:00,E5_companion_post_access_bridge,injection,12,37.566582322169275,126.97810385738808,20.0,9.164103884177655,9.164103884177653,12.945435242381148,2.0718228688765805,2.071822868876577,0.0,2.929999999999992,0.12000000000001936,ekf-smooth,gps-input,local-companion-json-plan-to-trusted-mavlink-gps-input
2026-07-06T16:41:16.283330+00:00,E5_companion_post_access_bridge,injection,13,37.5665912467563,126.9781151166188,20.0,10.157588911744755,10.157588911744753,14.348855839610385,1.9869700551342007,1.9869700551342007,0.0,2.810000000000003,0.23999999999997843,ekf-smooth,gps-input,local-companion-json-plan-to-trusted-mavlink-gps-input
2026-07-06T16:41:16.821704+00:00,E5_companion_post_access_bridge,injection,14,37.56659959966159,126.97812565461767,20.0,11.087434329005065,11.087434329005063,15.662377532991757,1.8596908345206202,1.8596908345206202,0.0,2.6300000000000003,0.3600000000000053,ekf-smooth,gps-input,local-companion-json-plan-to-trusted-mavlink-gps-input
2026-07-06T16:41:17.364966+00:00,E5_companion_post_access_bridge,injection,15,37.56660719032458,126.97813523097405,20.0,11.93242693252299,11.932426932522988,16.856034064522685,1.6899852070358499,1.6899852070358499,0.0,2.390000000000002,0.47999999999999704,ekf-smooth,gps-input,local-companion-json-plan-to-trusted-mavlink-gps-input
2026-07-06T16:41:17.887004+00:00,E5_companion_post_access_bridge,injection,16,37.56661382818468,126.97814360527734,20.0,12.671353518862933,12.671353518862931,17.899859182929934,1.477853172679886,1.477853172679886,0.0,2.0900000000000025,0.5999999999999989,ekf-smooth,gps-input,local-companion-json-plan-to-trusted-mavlink-gps-input
2026-07-06T16:41:18.417615+00:00,E5_companion_post_access_bridge,injection,17,37.56661932268132,126.97815053711689,20.0,13.283000884589299,13.283000884589297,18.76388663755754,1.2232947314527323,1.2232947314527323,0.0,1.730000000000007,0.7199999999999905,ekf-smooth,gps-input,local-companion-json-plan-to-trusted-mavlink-gps-input
2026-07-06T16:41:18.923624+00:00,E5_companion_post_access_bridge,injection,18,37.56662348325392,126.97815578608211,20.0,13.746155826266483,13.746155826266481,19.418150181204535,0.9263098833543673,0.9263098833543673,0.0,1.3099999999999858,0.8400000000000426,ekf-smooth,gps-input,local-companion-json-plan-to-trusted-mavlink-gps-input
2026-07-06T16:41:19.442429+00:00,E5_companion_post_access_bridge,injection,19,37.5666261193419,126.97815911176237,20.0,14.0396051404589,14.039605140458898,19.832683561338584,0.5868986283848336,0.5868986283848336,0.0,0.8299999999999988,0.959999999999974,ekf-smooth,gps-input,local-companion-json-plan-to-trusted-mavlink-gps-input
2026-07-06T16:41:19.972624+00:00,E5_companion_post_access_bridge,injection,20,37.56662704038469,126.97816027374702,20.0,14.142135623730951,14.14213562373095,19.97752052332556,0.205060966544103,0.205060966544103,0.0,0.290000000000006,1.0799999999999859,ekf-smooth,gps-input,local-companion-json-plan-to-trusted-mavlink-gps-input
