timestamp,elapsed_s,experiment,phase,sample_index,target_lat,target_lon,target_alt,target_drift_m,obs_lat,obs_lon,obs_alt,official_drift_m,target_error_m,reflected,gps_fix_type,gps_satellites,gps_raw_lat,gps_raw_lon,gps_raw_alt,vn,ve,vd,commanded_speed_mps,commanded_accel_mps2,message_type,status_text,mode,fence_breach_status,fence_breach_count,fence_breach_type
2026-07-06T16:41:04.228238+00:00,0.010075569152832031,E5_companion_post_access_bridge,warmup,0,37.5665,126.978,20.0,0.0,,,,,,,,,,,,,,,0.0,0.0,STATUSTEXT,GPS 1: detected MAV,,,,
2026-07-06T16:41:04.354138+00:00,0.13597726821899414,E5_companion_post_access_bridge,warmup,0,37.5665,126.978,20.0,0.0,,,,,,,,,,,,,,,0.0,0.0,HEARTBEAT,GPS 1: detected MAV,STABILIZE,,,
2026-07-06T16:41:04.354331+00:00,0.13615036010742188,E5_companion_post_access_bridge,warmup,0,37.5665,126.978,20.0,0.0,37.5665,126.978,0.0,0.0,0.0,0,,,,,,0.0,0.0,0.0,0.0,0.0,GLOBAL_POSITION_INT,GPS 1: detected MAV,STABILIZE,,,
2026-07-06T16:41:04.357292+00:00,0.1391289234161377,E5_companion_post_access_bridge,warmup,0,37.5665,126.978,20.0,0.0,,,,,,,3,12,37.5665,126.978,20.0,,,,0.0,0.0,GPS_RAW_INT,GPS 1: detected MAV,STABILIZE,,,
2026-07-06T16:41:04.554103+00:00,0.3359551429748535,E5_companion_post_access_bridge,warmup,0,37.5665,126.978,20.0,0.0,,,,,,,3,12,37.5665,126.978,20.0,,,,0.0,0.0,HEARTBEAT,GPS 1: detected MAV,STABILIZE,,,
2026-07-06T16:41:04.554285+00:00,0.3361029624938965,E5_companion_post_access_bridge,warmup,0,37.5665,126.978,20.0,0.0,37.5665,126.978,0.0,0.0,0.0,0,3,12,37.5665,126.978,20.0,0.0,0.0,0.0,0.0,0.0,GLOBAL_POSITION_INT,GPS 1: detected MAV,STABILIZE,,,
2026-07-06T16:41:04.554639+00:00,0.3364577293395996,E5_companion_post_access_bridge,warmup,0,37.5665,126.978,20.0,0.0,,,,,,,3,12,37.5665,126.978,20.0,,,,0.0,0.0,GPS_RAW_INT,GPS 1: detected MAV,STABILIZE,,,
2026-07-06T16:41:04.703027+00:00,0.48486852645874023,E5_companion_post_access_bridge,warmup,0,37.5665,126.978,20.0,0.0,,,,,,,3,12,37.5665,126.978,20.0,,,,0.0,0.0,STATUSTEXT,EKF3 IMU0 initialised,STABILIZE,,,
2026-07-06T16:41:04.703093+00:00,0.4849069118499756,E5_companion_post_access_bridge,warmup,0,37.5665,126.978,20.0,0.0,,,,,,,3,12,37.5665,126.978,20.0,,,,0.0,0.0,STATUSTEXT,EKF3 IMU1 initialised,STABILIZE,,,
2026-07-06T16:41:04.703117+00:00,0.48493123054504395,E5_companion_post_access_bridge,warmup,0,37.5665,126.978,20.0,0.0,,,,,,,3,12,37.5665,126.978,20.0,,,,0.0,0.0,STATUSTEXT,AHRS: EKF3 active,STABILIZE,,,
2026-07-06T16:41:04.753029+00:00,0.5348665714263916,E5_companion_post_access_bridge,warmup,0,37.5665,126.978,20.0,0.0,,,,,,,3,12,37.5665,126.978,20.0,,,,0.0,0.0,HEARTBEAT,AHRS: EKF3 active,STABILIZE,,,
2026-07-06T16:41:04.753804+00:00,0.5356321334838867,E5_companion_post_access_bridge,warmup,0,37.5665,126.978,20.0,0.0,37.5665,126.978,20.0,0.0,0.0,0,3,12,37.5665,126.978,20.0,0.0,0.0,0.0,0.0,0.0,GLOBAL_POSITION_INT,AHRS: EKF3 active,STABILIZE,,,
2026-07-06T16:41:04.754167+00:00,0.5359859466552734,E5_companion_post_access_bridge,warmup,0,37.5665,126.978,20.0,0.0,,,,,,,3,12,37.5665,126.978,20.0,,,,0.0,0.0,GPS_RAW_INT,AHRS: EKF3 active,STABILIZE,,,
2026-07-06T16:41:04.959267+00:00,0.7411069869995117,E5_companion_post_access_bridge,warmup,0,37.5665,126.978,20.0,0.0,,,,,,,3,12,37.5665,126.978,20.0,,,,0.0,0.0,HEARTBEAT,AHRS: EKF3 active,STABILIZE,,,
2026-07-06T16:41:04.962118+00:00,0.743950366973877,E5_companion_post_access_bridge,warmup,0,37.5665,126.978,20.0,0.0,37.5665,126.978,20.0,0.0,0.0,0,3,12,37.5665,126.978,20.0,0.0,0.0,0.08,0.0,0.0,GLOBAL_POSITION_INT,AHRS: EKF3 active,STABILIZE,,,
2026-07-06T16:41:04.989231+00:00,0.7710692882537842,E5_companion_post_access_bridge,warmup,0,37.5665,126.978,20.0,0.0,,,,,,,3,12,37.5665,126.978,20.0,,,,0.0,0.0,GPS_RAW_INT,AHRS: EKF3 active,STABILIZE,,,
2026-07-06T16:41:05.165062+00:00,0.9469015598297119,E5_companion_post_access_bridge,warmup,0,37.5665,126.978,20.0,0.0,,,,,,,3,12,37.5665,126.978,20.0,,,,0.0,0.0,HEARTBEAT,AHRS: EKF3 active,STABILIZE,,,
2026-07-06T16:41:05.165226+00:00,0.9470436573028564,E5_companion_post_access_bridge,warmup,0,37.5665,126.978,20.0,0.0,37.5665,126.978,20.0,0.0,0.0,0,3,12,37.5665,126.978,20.0,0.0,0.0,0.14,0.0,0.0,GLOBAL_POSITION_INT,AHRS: EKF3 active,STABILIZE,,,
2026-07-06T16:41:05.165548+00:00,0.9473659992218018,E5_companion_post_access_bridge,warmup,0,37.5665,126.978,20.0,0.0,,,,,,,3,12,37.5665,126.978,20.0,,,,0.0,0.0,GPS_RAW_INT,AHRS: EKF3 active,STABILIZE,,,
2026-07-06T16:41:05.355463+00:00,1.1373028755187988,E5_companion_post_access_bridge,warmup,0,37.5665,126.978,20.0,0.0,,,,,,,3,12,37.5665,126.978,20.0,,,,0.0,0.0,HEARTBEAT,AHRS: EKF3 active,STABILIZE,,,
2026-07-06T16:41:05.355627+00:00,1.137444019317627,E5_companion_post_access_bridge,warmup,0,37.5665,126.978,20.0,0.0,37.5665,126.978,20.0,0.0,0.0,0,3,12,37.5665,126.978,20.0,0.0,0.0,0.17,0.0,0.0,GLOBAL_POSITION_INT,AHRS: EKF3 active,STABILIZE,,,
2026-07-06T16:41:05.355994+00:00,1.1378109455108643,E5_companion_post_access_bridge,warmup,0,37.5665,126.978,20.0,0.0,,,,,,,3,12,37.5665,126.978,20.0,,,,0.0,0.0,GPS_RAW_INT,AHRS: EKF3 active,STABILIZE,,,
2026-07-06T16:41:05.551391+00:00,1.3332316875457764,E5_companion_post_access_bridge,warmup,0,37.5665,126.978,20.0,0.0,,,,,,,3,12,37.5665,126.978,20.0,,,,0.0,0.0,HEARTBEAT,AHRS: EKF3 active,STABILIZE,,,
2026-07-06T16:41:05.551588+00:00,1.3334126472473145,E5_companion_post_access_bridge,warmup,0,37.5665,126.978,20.0,0.0,37.5665,126.978,20.0,0.0,0.0,0,3,12,37.5665,126.978,20.0,0.0,0.0,0.18,0.0,0.0,GLOBAL_POSITION_INT,AHRS: EKF3 active,STABILIZE,,,
2026-07-06T16:41:05.551940+00:00,1.3337593078613281,E5_companion_post_access_bridge,warmup,0,37.5665,126.978,20.0,0.0,,,,,,,3,12,37.5665,126.978,20.0,,,,0.0,0.0,GPS_RAW_INT,AHRS: EKF3 active,STABILIZE,,,
2026-07-06T16:41:05.751916+00:00,1.5337574481964111,E5_companion_post_access_bridge,warmup,0,37.5665,126.978,20.0,0.0,,,,,,,3,12,37.5665,126.978,20.0,,,,0.0,0.0,HEARTBEAT,AHRS: EKF3 active,STABILIZE,,,
2026-07-06T16:41:05.752093+00:00,1.533907413482666,E5_companion_post_access_bridge,warmup,0,37.5665,126.978,20.0,0.0,37.5665,126.978,20.0,0.0,0.0,0,3,12,37.5665,126.978,20.0,0.0,0.0,0.18,0.0,0.0,GLOBAL_POSITION_INT,AHRS: EKF3 active,STABILIZE,,,
2026-07-06T16:41:05.752469+00:00,1.5342950820922852,E5_companion_post_access_bridge,warmup,0,37.5665,126.978,20.0,0.0,,,,,,,3,12,37.5665,126.978,20.0,,,,0.0,0.0,GPS_RAW_INT,AHRS: EKF3 active,STABILIZE,,,
2026-07-06T16:41:05.954722+00:00,1.7365636825561523,E5_companion_post_access_bridge,warmup,0,37.5665,126.978,20.0,0.0,,,,,,,3,12,37.5665,126.978,20.0,,,,0.0,0.0,HEARTBEAT,AHRS: EKF3 active,STABILIZE,,,
2026-07-06T16:41:05.955025+00:00,1.7368481159210205,E5_companion_post_access_bridge,warmup,0,37.5665,126.978,20.0,0.0,37.5665,126.978,20.0,0.0,0.0,0,3,12,37.5665,126.978,20.0,0.0,0.0,0.17,0.0,0.0,GLOBAL_POSITION_INT,AHRS: EKF3 active,STABILIZE,,,
2026-07-06T16:41:05.955450+00:00,1.737274169921875,E5_companion_post_access_bridge,warmup,0,37.5665,126.978,20.0,0.0,,,,,,,3,12,37.5665,126.978,20.0,,,,0.0,0.0,GPS_RAW_INT,AHRS: EKF3 active,STABILIZE,,,
2026-07-06T16:41:06.158536+00:00,1.9403772354125977,E5_companion_post_access_bridge,warmup,0,37.5665,126.978,20.0,0.0,,,,,,,3,12,37.5665,126.978,20.0,,,,0.0,0.0,HEARTBEAT,AHRS: EKF3 active,STABILIZE,,,
2026-07-06T16:41:06.158734+00:00,1.9405560493469238,E5_companion_post_access_bridge,warmup,0,37.5665,126.978,20.0,0.0,37.5665,126.978,20.0,0.0,0.0,0,3,12,37.5665,126.978,20.0,0.0,0.0,0.17,0.0,0.0,GLOBAL_POSITION_INT,AHRS: EKF3 active,STABILIZE,,,
2026-07-06T16:41:06.159136+00:00,1.9409568309783936,E5_companion_post_access_bridge,warmup,0,37.5665,126.978,20.0,0.0,,,,,,,3,12,37.5665,126.978,20.0,,,,0.0,0.0,GPS_RAW_INT,AHRS: EKF3 active,STABILIZE,,,
2026-07-06T16:41:06.369604+00:00,2.1518399715423584,E5_companion_post_access_bridge,warmup,0,37.5665,126.978,20.0,0.0,,,,,,,3,12,37.5665,126.978,20.0,,,,0.0,0.0,HEARTBEAT,AHRS: EKF3 active,STABILIZE,,,
2026-07-06T16:41:06.370221+00:00,2.1520493030548096,E5_companion_post_access_bridge,warmup,0,37.5665,126.978,20.0,0.0,37.5665,126.978,20.0,0.0,0.0,0,3,12,37.5665,126.978,20.0,0.0,0.0,0.15,0.0,0.0,GLOBAL_POSITION_INT,AHRS: EKF3 active,STABILIZE,,,
2026-07-06T16:41:06.370685+00:00,2.152510166168213,E5_companion_post_access_bridge,warmup,0,37.5665,126.978,20.0,0.0,,,,,,,3,12,37.5665,126.978,20.0,,,,0.0,0.0,GPS_RAW_INT,AHRS: EKF3 active,STABILIZE,,,
2026-07-06T16:41:06.453102+00:00,2.234940767288208,E5_companion_post_access_bridge,warmup,0,37.5665,126.978,20.0,0.0,,,,,,,3,12,37.5665,126.978,20.0,,,,0.0,0.0,STATUSTEXT,EKF3 IMU0 tilt alignment complete,STABILIZE,,,
2026-07-06T16:41:06.458836+00:00,2.2406716346740723,E5_companion_post_access_bridge,warmup,0,37.5665,126.978,20.0,0.0,,,,,,,3,12,37.5665,126.978,20.0,,,,0.0,0.0,STATUSTEXT,EKF3 IMU1 tilt alignment complete,STABILIZE,,,
2026-07-06T16:41:06.543967+00:00,2.3258047103881836,E5_companion_post_access_bridge,warmup,0,37.5665,126.978,20.0,0.0,,,,,,,3,12,37.5665,126.978,20.0,,,,0.0,0.0,STATUSTEXT,EKF3 IMU1 MAG0 initial yaw alignment complete,STABILIZE,,,
2026-07-06T16:41:06.548163+00:00,2.3299968242645264,E5_companion_post_access_bridge,warmup,0,37.5665,126.978,20.0,0.0,,,,,,,3,12,37.5665,126.978,20.0,,,,0.0,0.0,STATUSTEXT,EKF3 IMU0 MAG0 initial yaw alignment complete,STABILIZE,,,
2026-07-06T16:41:06.566306+00:00,2.348146915435791,E5_companion_post_access_bridge,warmup,0,37.5665,126.978,20.0,0.0,,,,,,,3,12,37.5665,126.978,20.0,,,,0.0,0.0,HEARTBEAT,EKF3 IMU0 MAG0 initial yaw alignment complete,STABILIZE,,,
2026-07-06T16:41:06.566476+00:00,2.348292827606201,E5_companion_post_access_bridge,warmup,0,37.5665,126.978,20.0,0.0,37.5665,126.978,20.0,0.0,0.0,0,3,12,37.5665,126.978,20.0,0.0,0.0,0.14,0.0,0.0,GLOBAL_POSITION_INT,EKF3 IMU0 MAG0 initial yaw alignment complete,STABILIZE,,,
2026-07-06T16:41:06.567165+00:00,2.3489930629730225,E5_companion_post_access_bridge,warmup,0,37.5665,126.978,20.0,0.0,,,,,,,3,12,37.5665,126.978,20.0,,,,0.0,0.0,GPS_RAW_INT,EKF3 IMU0 MAG0 initial yaw alignment complete,STABILIZE,,,
2026-07-06T16:41:06.757810+00:00,2.5396463871002197,E5_companion_post_access_bridge,warmup,0,37.5665,126.978,20.0,0.0,,,,,,,3,12,37.5665,126.978,20.0,,,,0.0,0.0,HEARTBEAT,EKF3 IMU0 MAG0 initial yaw alignment complete,STABILIZE,,,
2026-07-06T16:41:06.758063+00:00,2.5398876667022705,E5_companion_post_access_bridge,warmup,0,37.5665,126.978,20.0,0.0,37.5665,126.978,20.0,0.0,0.0,0,3,12,37.5665,126.978,20.0,0.0,0.0,0.12,0.0,0.0,GLOBAL_POSITION_INT,EKF3 IMU0 MAG0 initial yaw alignment complete,STABILIZE,,,
2026-07-06T16:41:06.758423+00:00,2.540240526199341,E5_companion_post_access_bridge,warmup,0,37.5665,126.978,20.0,0.0,,,,,,,3,12,37.5665,126.978,20.0,,,,0.0,0.0,GPS_RAW_INT,EKF3 IMU0 MAG0 initial yaw alignment complete,STABILIZE,,,
2026-07-06T16:41:06.954667+00:00,2.73650860786438,E5_companion_post_access_bridge,warmup,0,37.5665,126.978,20.0,0.0,,,,,,,3,12,37.5665,126.978,20.0,,,,0.0,0.0,HEARTBEAT,EKF3 IMU0 MAG0 initial yaw alignment complete,STABILIZE,,,
2026-07-06T16:41:06.954828+00:00,2.7366433143615723,E5_companion_post_access_bridge,warmup,0,37.5665,126.978,20.0,0.0,37.5665,126.978,20.0,0.0,0.0,0,3,12,37.5665,126.978,20.0,0.0,0.0,0.1,0.0,0.0,GLOBAL_POSITION_INT,EKF3 IMU0 MAG0 initial yaw alignment complete,STABILIZE,,,
2026-07-06T16:41:06.955211+00:00,2.7370352745056152,E5_companion_post_access_bridge,warmup,0,37.5665,126.978,20.0,0.0,,,,,,,3,12,37.5665,126.978,20.0,,,,0.0,0.0,GPS_RAW_INT,EKF3 IMU0 MAG0 initial yaw alignment complete,STABILIZE,,,
2026-07-06T16:41:07.152587+00:00,2.9344241619110107,E5_companion_post_access_bridge,warmup,0,37.5665,126.978,20.0,0.0,,,,,,,3,12,37.5665,126.978,20.0,,,,0.0,0.0,HEARTBEAT,EKF3 IMU0 MAG0 initial yaw alignment complete,STABILIZE,,,
2026-07-06T16:41:07.152755+00:00,2.9345717430114746,E5_companion_post_access_bridge,warmup,0,37.5665,126.978,20.0,0.0,37.5665,126.978,20.0,0.0,0.0,0,3,12,37.5665,126.978,20.0,0.0,0.0,0.08,0.0,0.0,GLOBAL_POSITION_INT,EKF3 IMU0 MAG0 initial yaw alignment complete,STABILIZE,,,
2026-07-06T16:41:07.153515+00:00,2.9353389739990234,E5_companion_post_access_bridge,warmup,0,37.5665,126.978,20.0,0.0,,,,,,,3,12,37.5665,126.978,20.0,,,,0.0,0.0,GPS_RAW_INT,EKF3 IMU0 MAG0 initial yaw alignment complete,STABILIZE,,,
2026-07-06T16:41:07.356437+00:00,3.1382715702056885,E5_companion_post_access_bridge,warmup,0,37.5665,126.978,20.0,0.0,,,,,,,3,12,37.5665,126.978,20.0,,,,0.0,0.0,HEARTBEAT,EKF3 IMU0 MAG0 initial yaw alignment complete,STABILIZE,,,
2026-07-06T16:41:07.356600+00:00,3.1384189128875732,E5_companion_post_access_bridge,warmup,0,37.5665,126.978,20.0,0.0,37.5665,126.978,20.0,0.0,0.0,0,3,12,37.5665,126.978,20.0,0.0,0.0,0.07,0.0,0.0,GLOBAL_POSITION_INT,EKF3 IMU0 MAG0 initial yaw alignment complete,STABILIZE,,,
2026-07-06T16:41:07.357021+00:00,3.1388425827026367,E5_companion_post_access_bridge,warmup,0,37.5665,126.978,20.0,0.0,,,,,,,3,12,37.5665,126.978,20.0,,,,0.0,0.0,GPS_RAW_INT,EKF3 IMU0 MAG0 initial yaw alignment complete,STABILIZE,,,
2026-07-06T16:41:07.556881+00:00,3.3387346267700195,E5_companion_post_access_bridge,warmup,0,37.5665,126.978,20.0,0.0,,,,,,,3,12,37.5665,126.978,20.0,,,,0.0,0.0,HEARTBEAT,EKF3 IMU0 MAG0 initial yaw alignment complete,STABILIZE,,,
2026-07-06T16:41:07.557081+00:00,3.3389017581939697,E5_companion_post_access_bridge,warmup,0,37.5665,126.978,20.0,0.0,37.5665,126.978,20.0,0.0,0.0,0,3,12,37.5665,126.978,20.0,0.0,0.0,0.05,0.0,0.0,GLOBAL_POSITION_INT,EKF3 IMU0 MAG0 initial yaw alignment complete,STABILIZE,,,
2026-07-06T16:41:07.557425+00:00,3.339242696762085,E5_companion_post_access_bridge,warmup,0,37.5665,126.978,20.0,0.0,,,,,,,3,12,37.5665,126.978,20.0,,,,0.0,0.0,GPS_RAW_INT,EKF3 IMU0 MAG0 initial yaw alignment complete,STABILIZE,,,
2026-07-06T16:41:07.758202+00:00,3.540041446685791,E5_companion_post_access_bridge,warmup,0,37.5665,126.978,20.0,0.0,,,,,,,3,12,37.5665,126.978,20.0,,,,0.0,0.0,HEARTBEAT,EKF3 IMU0 MAG0 initial yaw alignment complete,STABILIZE,,,
2026-07-06T16:41:07.758365+00:00,3.5401813983917236,E5_companion_post_access_bridge,warmup,0,37.5665,126.978,20.0,0.0,37.5665,126.978,20.0,0.0,0.0,0,3,12,37.5665,126.978,20.0,0.0,0.0,0.03,0.0,0.0,GLOBAL_POSITION_INT,EKF3 IMU0 MAG0 initial yaw alignment complete,STABILIZE,,,
2026-07-06T16:41:07.758704+00:00,3.5405211448669434,E5_companion_post_access_bridge,warmup,0,37.5665,126.978,20.0,0.0,,,,,,,3,12,37.5665,126.978,20.0,,,,0.0,0.0,GPS_RAW_INT,EKF3 IMU0 MAG0 initial yaw alignment complete,STABILIZE,,,
2026-07-06T16:41:07.953053+00:00,3.734893321990967,E5_companion_post_access_bridge,warmup,0,37.5665,126.978,20.0,0.0,,,,,,,3,12,37.5665,126.978,20.0,,,,0.0,0.0,HEARTBEAT,EKF3 IMU0 MAG0 initial yaw alignment complete,STABILIZE,,,
2026-07-06T16:41:07.953212+00:00,3.7350282669067383,E5_companion_post_access_bridge,warmup,0,37.5665,126.978,20.0,0.0,37.5665,126.978,20.0,0.0,0.0,0,3,12,37.5665,126.978,20.0,0.0,0.0,0.02,0.0,0.0,GLOBAL_POSITION_INT,EKF3 IMU0 MAG0 initial yaw alignment complete,STABILIZE,,,
2026-07-06T16:41:07.953752+00:00,3.7367398738861084,E5_companion_post_access_bridge,warmup,0,37.5665,126.978,20.0,0.0,,,,,,,3,12,37.5665,126.978,20.0,,,,0.0,0.0,GPS_RAW_INT,EKF3 IMU0 MAG0 initial yaw alignment complete,STABILIZE,,,
2026-07-06T16:41:08.159905+00:00,3.941743850708008,E5_companion_post_access_bridge,warmup,0,37.5665,126.978,20.0,0.0,,,,,,,3,12,37.5665,126.978,20.0,,,,0.0,0.0,HEARTBEAT,EKF3 IMU0 MAG0 initial yaw alignment complete,STABILIZE,,,
2026-07-06T16:41:08.161444+00:00,3.943272590637207,E5_companion_post_access_bridge,warmup,0,37.5665,126.978,20.0,0.0,37.5665,126.978,20.0,0.0,0.0,0,3,12,37.5665,126.978,20.0,0.0,0.0,0.01,0.0,0.0,GLOBAL_POSITION_INT,EKF3 IMU0 MAG0 initial yaw alignment complete,STABILIZE,,,
2026-07-06T16:41:08.161807+00:00,3.94362473487854,E5_companion_post_access_bridge,warmup,0,37.5665,126.978,20.0,0.0,,,,,,,3,12,37.5665,126.978,20.0,,,,0.0,0.0,GPS_RAW_INT,EKF3 IMU0 MAG0 initial yaw alignment complete,STABILIZE,,,
2026-07-06T16:41:08.361493+00:00,4.143328428268433,E5_companion_post_access_bridge,warmup,0,37.5665,126.978,20.0,0.0,,,,,,,3,12,37.5665,126.978,20.0,,,,0.0,0.0,HEARTBEAT,EKF3 IMU0 MAG0 initial yaw alignment complete,STABILIZE,,,
2026-07-06T16:41:08.361645+00:00,4.143460512161255,E5_companion_post_access_bridge,warmup,0,37.5665,126.978,20.0,0.0,37.5665,126.978,20.0,0.0,0.0,0,3,12,37.5665,126.978,20.0,0.0,0.0,0.0,0.0,0.0,GLOBAL_POSITION_INT,EKF3 IMU0 MAG0 initial yaw alignment complete,STABILIZE,,,
2026-07-06T16:41:08.361990+00:00,4.143808364868164,E5_companion_post_access_bridge,warmup,0,37.5665,126.978,20.0,0.0,,,,,,,3,12,37.5665,126.978,20.0,,,,0.0,0.0,GPS_RAW_INT,EKF3 IMU0 MAG0 initial yaw alignment complete,STABILIZE,,,
2026-07-06T16:41:08.552277+00:00,4.334115266799927,E5_companion_post_access_bridge,warmup,0,37.5665,126.978,20.0,0.0,,,,,,,3,12,37.5665,126.978,20.0,,,,0.0,0.0,HEARTBEAT,EKF3 IMU0 MAG0 initial yaw alignment complete,STABILIZE,,,
2026-07-06T16:41:08.552432+00:00,4.334247589111328,E5_companion_post_access_bridge,warmup,0,37.5665,126.978,20.0,0.0,37.5665,126.978,20.0,0.0,0.0,0,3,12,37.5665,126.978,20.0,0.0,0.0,0.0,0.0,0.0,GLOBAL_POSITION_INT,EKF3 IMU0 MAG0 initial yaw alignment complete,STABILIZE,,,
2026-07-06T16:41:08.552768+00:00,4.334586143493652,E5_companion_post_access_bridge,warmup,0,37.5665,126.978,20.0,0.0,,,,,,,3,12,37.5665,126.978,20.0,,,,0.0,0.0,GPS_RAW_INT,EKF3 IMU0 MAG0 initial yaw alignment complete,STABILIZE,,,
2026-07-06T16:41:08.754141+00:00,4.5359790325164795,E5_companion_post_access_bridge,warmup,0,37.5665,126.978,20.0,0.0,,,,,,,3,12,37.5665,126.978,20.0,,,,0.0,0.0,HEARTBEAT,EKF3 IMU0 MAG0 initial yaw alignment complete,STABILIZE,,,
2026-07-06T16:41:08.754297+00:00,4.536114692687988,E5_companion_post_access_bridge,warmup,0,37.5665,126.978,20.0,0.0,37.5665,126.978,20.0,0.0,0.0,0,3,12,37.5665,126.978,20.0,0.0,0.0,-0.01,0.0,0.0,GLOBAL_POSITION_INT,EKF3 IMU0 MAG0 initial yaw alignment complete,STABILIZE,,,
2026-07-06T16:41:08.754676+00:00,4.536498785018921,E5_companion_post_access_bridge,warmup,0,37.5665,126.978,20.0,0.0,,,,,,,3,12,37.5665,126.978,20.0,,,,0.0,0.0,GPS_RAW_INT,EKF3 IMU0 MAG0 initial yaw alignment complete,STABILIZE,,,
2026-07-06T16:41:08.956052+00:00,4.737889528274536,E5_companion_post_access_bridge,warmup,0,37.5665,126.978,20.0,0.0,,,,,,,3,12,37.5665,126.978,20.0,,,,0.0,0.0,HEARTBEAT,EKF3 IMU0 MAG0 initial yaw alignment complete,STABILIZE,,,
2026-07-06T16:41:08.956231+00:00,4.738053560256958,E5_companion_post_access_bridge,warmup,0,37.5665,126.978,20.0,0.0,37.5665,126.978,20.0,0.0,0.0,0,3,12,37.5665,126.978,20.0,0.0,0.0,-0.01,0.0,0.0,GLOBAL_POSITION_INT,EKF3 IMU0 MAG0 initial yaw alignment complete,STABILIZE,,,
2026-07-06T16:41:08.956771+00:00,4.738595247268677,E5_companion_post_access_bridge,warmup,0,37.5665,126.978,20.0,0.0,,,,,,,3,12,37.5665,126.978,20.0,,,,0.0,0.0,GPS_RAW_INT,EKF3 IMU0 MAG0 initial yaw alignment complete,STABILIZE,,,
2026-07-06T16:41:09.157850+00:00,4.939688205718994,E5_companion_post_access_bridge,warmup,0,37.5665,126.978,20.0,0.0,,,,,,,3,12,37.5665,126.978,20.0,,,,0.0,0.0,HEARTBEAT,EKF3 IMU0 MAG0 initial yaw alignment complete,STABILIZE,,,
2026-07-06T16:41:09.158040+00:00,4.939859390258789,E5_companion_post_access_bridge,warmup,0,37.5665,126.978,20.0,0.0,37.5665,126.978,20.0,0.0,0.0,0,3,12,37.5665,126.978,20.0,0.0,0.0,-0.02,0.0,0.0,GLOBAL_POSITION_INT,EKF3 IMU0 MAG0 initial yaw alignment complete,STABILIZE,,,
2026-07-06T16:41:09.158442+00:00,4.940264701843262,E5_companion_post_access_bridge,warmup,0,37.5665,126.978,20.0,0.0,,,,,,,3,12,37.5665,126.978,20.0,,,,0.0,0.0,GPS_RAW_INT,EKF3 IMU0 MAG0 initial yaw alignment complete,STABILIZE,,,
2026-07-06T16:41:09.376304+00:00,5.158144474029541,E5_companion_post_access_bridge,warmup,0,37.5665,126.978,20.0,0.0,,,,,,,3,12,37.5665,126.978,20.0,,,,0.0,0.0,HEARTBEAT,EKF3 IMU0 MAG0 initial yaw alignment complete,STABILIZE,,,
2026-07-06T16:41:09.376471+00:00,5.1582863330841064,E5_companion_post_access_bridge,warmup,0,37.5665,126.978,20.0,0.0,37.5665,126.978,20.0,0.0,0.0,0,3,12,37.5665,126.978,20.0,0.0,0.0,-0.02,0.0,0.0,GLOBAL_POSITION_INT,EKF3 IMU0 MAG0 initial yaw alignment complete,STABILIZE,,,
2026-07-06T16:41:09.376791+00:00,5.15860915184021,E5_companion_post_access_bridge,warmup,0,37.5665,126.978,20.0,0.0,,,,,,,3,12,37.5665,126.978,20.0,,,,0.0,0.0,GPS_RAW_INT,EKF3 IMU0 MAG0 initial yaw alignment complete,STABILIZE,,,
2026-07-06T16:41:09.558169+00:00,5.340005874633789,E5_companion_post_access_bridge,warmup,0,37.5665,126.978,20.0,0.0,,,,,,,3,12,37.5665,126.978,20.0,,,,0.0,0.0,HEARTBEAT,EKF3 IMU0 MAG0 initial yaw alignment complete,STABILIZE,,,
2026-07-06T16:41:09.560270+00:00,5.342100381851196,E5_companion_post_access_bridge,warmup,0,37.5665,126.978,20.0,0.0,37.5665,126.978,20.0,0.0,0.0,0,3,12,37.5665,126.978,20.0,0.0,0.0,-0.03,0.0,0.0,GLOBAL_POSITION_INT,EKF3 IMU0 MAG0 initial yaw alignment complete,STABILIZE,,,
2026-07-06T16:41:09.560664+00:00,5.342482089996338,E5_companion_post_access_bridge,warmup,0,37.5665,126.978,20.0,0.0,,,,,,,3,12,37.5665,126.978,20.0,,,,0.0,0.0,GPS_RAW_INT,EKF3 IMU0 MAG0 initial yaw alignment complete,STABILIZE,,,
2026-07-06T16:41:09.765031+00:00,5.546869516372681,E5_companion_post_access_bridge,warmup,0,37.5665,126.978,20.0,0.0,,,,,,,3,12,37.5665,126.978,20.0,,,,0.0,0.0,HEARTBEAT,EKF3 IMU0 MAG0 initial yaw alignment complete,STABILIZE,,,
2026-07-06T16:41:09.765188+00:00,5.5470051765441895,E5_companion_post_access_bridge,warmup,0,37.5665,126.978,20.0,0.0,37.5665,126.978,20.0,0.0,0.0,0,3,12,37.5665,126.978,20.0,0.0,0.0,-0.03,0.0,0.0,GLOBAL_POSITION_INT,EKF3 IMU0 MAG0 initial yaw alignment complete,STABILIZE,,,
2026-07-06T16:41:09.765606+00:00,5.547429084777832,E5_companion_post_access_bridge,warmup,0,37.5665,126.978,20.0,0.0,,,,,,,3,12,37.5665,126.978,20.0,,,,0.0,0.0,GPS_RAW_INT,EKF3 IMU0 MAG0 initial yaw alignment complete,STABILIZE,,,
2026-07-06T16:41:09.957203+00:00,5.739755630493164,E5_companion_post_access_bridge,injection,1,37.56650092104279,126.97800116198466,20.0,0.14483708548479263,,,,,,,3,12,37.5665,126.978,20.0,,,,0.29000000000000004,0.5800000000000001,HEARTBEAT,EKF3 IMU0 MAG0 initial yaw alignment complete,STABILIZE,,,
2026-07-06T16:41:09.958131+00:00,5.739949941635132,E5_companion_post_access_bridge,injection,1,37.56650092104279,126.97800116198466,20.0,0.14483708548479263,37.5665009,126.9780011,20.0,0.13933698585280793,0.00594320354154013,0,3,12,37.5665,126.978,20.0,0.0,0.0,-0.03,0.29000000000000004,0.5800000000000001,GLOBAL_POSITION_INT,EKF3 IMU0 MAG0 initial yaw alignment complete,STABILIZE,,,
2026-07-06T16:41:09.958479+00:00,5.740296125411987,E5_companion_post_access_bridge,injection,1,37.56650092104279,126.97800116198466,20.0,0.14483708548479263,,,,,,,3,12,37.5665009,126.9780011,20.0,,,,0.29000000000000004,0.5800000000000001,GPS_RAW_INT,EKF3 IMU0 MAG0 initial yaw alignment complete,STABILIZE,,,
2026-07-06T16:41:10.158326+00:00,5.940166473388672,E5_companion_post_access_bridge,injection,1,37.56650092104279,126.97800116198466,20.0,0.14483708548479263,,,,,,,3,12,37.5665009,126.9780011,20.0,,,,0.29000000000000004,0.5800000000000001,HEARTBEAT,EKF3 IMU0 MAG0 initial yaw alignment complete,STABILIZE,,,
2026-07-06T16:41:10.158492+00:00,5.9403088092803955,E5_companion_post_access_bridge,injection,1,37.56650092104279,126.97800116198466,20.0,0.14483708548479263,37.5665009,126.9780011,20.0,0.13933698585280793,0.00594320354154013,0,3,12,37.5665009,126.9780011,20.0,0.0,0.0,-0.04,0.29000000000000004,0.5800000000000001,GLOBAL_POSITION_INT,EKF3 IMU0 MAG0 initial yaw alignment complete,STABILIZE,,,
2026-07-06T16:41:10.158834+00:00,5.940650701522827,E5_companion_post_access_bridge,injection,1,37.56650092104279,126.97800116198466,20.0,0.14483708548479263,,,,,,,3,12,37.5665009,126.9780011,20.0,,,,0.29000000000000004,0.5800000000000001,GPS_RAW_INT,EKF3 IMU0 MAG0 initial yaw alignment complete,STABILIZE,,,
2026-07-06T16:41:10.363957+00:00,6.145798206329346,E5_companion_post_access_bridge,injection,1,37.56650092104279,126.97800116198466,20.0,0.14483708548479263,,,,,,,3,12,37.5665009,126.9780011,20.0,,,,0.29000000000000004,0.5800000000000001,HEARTBEAT,EKF3 IMU0 MAG0 initial yaw alignment complete,STABILIZE,,,
2026-07-06T16:41:10.364316+00:00,6.146141529083252,E5_companion_post_access_bridge,injection,2,37.56650355713077,126.9780044876649,20.0,0.5593708063186627,37.5665009,126.9780011,20.0,0.13933698585280793,0.42005713083320984,0,3,12,37.5665009,126.9780011,20.0,0.0,0.0,-0.04,0.8300000000000001,1.0799999999999998,GLOBAL_POSITION_INT,EKF3 IMU0 MAG0 initial yaw alignment complete,STABILIZE,,,
2026-07-06T16:41:10.365132+00:00,6.146955251693726,E5_companion_post_access_bridge,injection,2,37.56650355713077,126.9780044876649,20.0,0.5593708063186627,,,,,,,3,12,37.5665009,126.9780011,20.0,,,,0.8300000000000001,1.0799999999999998,GPS_RAW_INT,EKF3 IMU0 MAG0 initial yaw alignment complete,STABILIZE,,,
2026-07-06T16:41:10.556668+00:00,6.338503837585449,E5_companion_post_access_bridge,injection,2,37.56650355713077,126.9780044876649,20.0,0.5593708063186627,,,,,,,3,12,37.5665009,126.9780011,20.0,,,,0.8300000000000001,1.0799999999999998,HEARTBEAT,EKF3 IMU0 MAG0 initial yaw alignment complete,STABILIZE,,,
2026-07-06T16:41:10.556831+00:00,6.338674545288086,E5_companion_post_access_bridge,injection,2,37.56650355713077,126.9780044876649,20.0,0.5593708063186627,37.5665035,126.9780044,20.0,0.5494161098282793,0.010002849250528304,1,3,12,37.5665009,126.9780011,20.0,0.0,0.0,-0.04,0.8300000000000001,1.0799999999999998,GLOBAL_POSITION_INT,EKF3 IMU0 MAG0 initial yaw alignment complete,STABILIZE,,,
2026-07-06T16:41:10.557445+00:00,6.339268922805786,E5_companion_post_access_bridge,injection,2,37.56650355713077,126.9780044876649,20.0,0.5593708063186627,,,,,,,3,12,37.5665035,126.9780044,20.0,,,,0.8300000000000001,1.0799999999999998,GPS_RAW_INT,EKF3 IMU0 MAG0 initial yaw alignment complete,STABILIZE,,,
2026-07-06T16:41:10.759603+00:00,6.541442394256592,E5_companion_post_access_bridge,injection,2,37.56650355713077,126.9780044876649,20.0,0.5593708063186627,,,,,,,3,12,37.5665035,126.9780044,20.0,,,,0.8300000000000001,1.0799999999999998,HEARTBEAT,EKF3 IMU0 MAG0 initial yaw alignment complete,STABILIZE,,,
2026-07-06T16:41:10.759828+00:00,6.541651248931885,E5_companion_post_access_bridge,injection,2,37.56650355713077,126.9780044876649,20.0,0.5593708063186627,37.5665035,126.9780044,20.0,0.5494161098282793,0.010002849250528304,1,3,12,37.5665035,126.9780044,20.0,0.0,0.0,-0.04,0.8300000000000001,1.0799999999999998,GLOBAL_POSITION_INT,EKF3 IMU0 MAG0 initial yaw alignment complete,STABILIZE,,,
2026-07-06T16:41:10.760324+00:00,6.542145013809204,E5_companion_post_access_bridge,injection,2,37.56650355713077,126.9780044876649,20.0,0.5593708063186627,,,,,,,3,12,37.5665035,126.9780044,20.0,,,,0.8300000000000001,1.0799999999999998,GPS_RAW_INT,EKF3 IMU0 MAG0 initial yaw alignment complete,STABILIZE,,,
2026-07-06T16:41:10.962445+00:00,6.744282484054565,E5_companion_post_access_bridge,injection,3,37.56650771770337,126.97800973663013,20.0,1.2136348578057414,,,,,,,3,12,37.5665035,126.9780044,20.0,,,,1.3099999999999996,0.9599999999999991,HEARTBEAT,EKF3 IMU0 MAG0 initial yaw alignment complete,STABILIZE,,,
2026-07-06T16:41:10.962652+00:00,6.744473934173584,E5_companion_post_access_bridge,injection,3,37.56650771770337,126.97800973663013,20.0,1.2136348578057414,37.5665077,126.9780097,20.0,1.2099603243696553,0.003781321778257858,1,3,12,37.5665035,126.9780044,20.0,0.0,0.0,-0.04,1.3099999999999996,0.9599999999999991,GLOBAL_POSITION_INT,EKF3 IMU0 MAG0 initial yaw alignment complete,STABILIZE,,,
2026-07-06T16:41:10.963155+00:00,6.7450315952301025,E5_companion_post_access_bridge,injection,3,37.56650771770337,126.97800973663013,20.0,1.2136348578057414,,,,,,,3,12,37.5665077,126.9780097,20.0,,,,1.3099999999999996,0.9599999999999991,GPS_RAW_INT,EKF3 IMU0 MAG0 initial yaw alignment complete,STABILIZE,,,
2026-07-06T16:41:11.164822+00:00,6.946661472320557,E5_companion_post_access_bridge,injection,3,37.56650771770337,126.97800973663013,20.0,1.2136348578057414,,,,,,,3,12,37.5665077,126.9780097,20.0,,,,1.3099999999999996,0.9599999999999991,HEARTBEAT,EKF3 IMU0 MAG0 initial yaw alignment complete,STABILIZE,,,
2026-07-06T16:41:11.164979+00:00,6.946798086166382,E5_companion_post_access_bridge,injection,3,37.56650771770337,126.97800973663013,20.0,1.2136348578057414,37.5665077,126.9780097,20.0,1.2099603243696553,0.003781321778257858,1,3,12,37.5665077,126.9780097,20.0,0.0,0.0,-0.04,1.3099999999999996,0.9599999999999991,GLOBAL_POSITION_INT,EKF3 IMU0 MAG0 initial yaw alignment complete,STABILIZE,,,
2026-07-06T16:41:11.165436+00:00,6.947258472442627,E5_companion_post_access_bridge,injection,3,37.56650771770337,126.97800973663013,20.0,1.2136348578057414,,,,,,,3,12,37.5665077,126.9780097,20.0,,,,1.3099999999999996,0.9599999999999991,GPS_RAW_INT,EKF3 IMU0 MAG0 initial yaw alignment complete,STABILIZE,,,
2026-07-06T16:41:11.357304+00:00,7.139144659042358,E5_companion_post_access_bridge,injection,3,37.56650771770337,126.97800973663013,20.0,1.2136348578057414,,,,,,,3,12,37.5665077,126.9780097,20.0,,,,1.3099999999999996,0.9599999999999991,HEARTBEAT,EKF3 IMU0 MAG0 initial yaw alignment complete,STABILIZE,,,
2026-07-06T16:41:11.357466+00:00,7.1392834186553955,E5_companion_post_access_bridge,injection,3,37.56650771770337,126.97800973663013,20.0,1.2136348578057414,37.5665077,126.9780097,20.0,1.2099603243696553,0.003781321778257858,1,3,12,37.5665077,126.9780097,20.0,0.0,0.0,-0.04,1.3099999999999996,0.9599999999999991,GLOBAL_POSITION_INT,EKF3 IMU0 MAG0 initial yaw alignment complete,STABILIZE,,,
2026-07-06T16:41:11.357847+00:00,7.1396684646606445,E5_companion_post_access_bridge,injection,3,37.56650771770337,126.97800973663013,20.0,1.2136348578057414,,,,,,,3,12,37.5665077,126.9780097,20.0,,,,1.3099999999999996,0.9599999999999991,GPS_RAW_INT,EKF3 IMU0 MAG0 initial yaw alignment complete,STABILIZE,,,
2026-07-06T16:41:11.570618+00:00,7.352462291717529,E5_companion_post_access_bridge,injection,4,37.56651321220001,126.97801666846969,20.0,2.0776629287200565,,,,,,,3,12,37.5665077,126.9780097,20.0,,,,1.7300000000000018,0.8400000000000041,HEARTBEAT,EKF3 IMU0 MAG0 initial yaw alignment complete,STABILIZE,,,
2026-07-06T16:41:11.570866+00:00,7.352685451507568,E5_companion_post_access_bridge,injection,4,37.56651321220001,126.97801666846969,20.0,2.0776629287200565,37.5665132,126.9780166,20.0,2.0724390769263374,0.0061853923940866475,1,3,12,37.5665077,126.9780097,20.0,0.0,0.0,-0.04,1.7300000000000018,0.8400000000000041,GLOBAL_POSITION_INT,EKF3 IMU0 MAG0 initial yaw alignment complete,STABILIZE,,,
2026-07-06T16:41:11.571293+00:00,7.353110313415527,E5_companion_post_access_bridge,injection,4,37.56651321220001,126.97801666846969,20.0,2.0776629287200565,,,,,,,3,12,37.5665132,126.9780166,20.0,,,,1.7300000000000018,0.8400000000000041,GPS_RAW_INT,EKF3 IMU0 MAG0 initial yaw alignment complete,STABILIZE,,,
2026-07-06T16:41:11.773472+00:00,7.555312871932983,E5_companion_post_access_bridge,injection,4,37.56651321220001,126.97801666846969,20.0,2.0776629287200565,,,,,,,3,12,37.5665132,126.9780166,20.0,,,,1.7300000000000018,0.8400000000000041,HEARTBEAT,EKF3 IMU0 MAG0 initial yaw alignment complete,STABILIZE,,,
2026-07-06T16:41:11.773648+00:00,7.555465459823608,E5_companion_post_access_bridge,injection,4,37.56651321220001,126.97801666846969,20.0,2.0776629287200565,37.5665132,126.9780166,20.0,2.0724390769263374,0.0061853923940866475,1,3,12,37.5665132,126.9780166,20.0,0.0,0.0,-0.03,1.7300000000000018,0.8400000000000041,GLOBAL_POSITION_INT,EKF3 IMU0 MAG0 initial yaw alignment complete,STABILIZE,,,
2026-07-06T16:41:11.774055+00:00,7.5558764934539795,E5_companion_post_access_bridge,injection,4,37.56651321220001,126.97801666846969,20.0,2.0776629287200565,,,,,,,3,12,37.5665132,126.9780166,20.0,,,,1.7300000000000018,0.8400000000000041,GPS_RAW_INT,EKF3 IMU0 MAG0 initial yaw alignment complete,STABILIZE,,,
2026-07-06T16:41:11.960114+00:00,7.74195408821106,E5_companion_post_access_bridge,injection,4,37.56651321220001,126.97801666846969,20.0,2.0776629287200565,,,,,,,3,12,37.5665132,126.9780166,20.0,,,,1.7300000000000018,0.8400000000000041,HEARTBEAT,EKF3 IMU0 MAG0 initial yaw alignment complete,STABILIZE,,,
2026-07-06T16:41:11.963357+00:00,7.7451910972595215,E5_companion_post_access_bridge,injection,4,37.56651321220001,126.97801666846969,20.0,2.0776629287200565,37.5665132,126.9780166,20.0,2.0724390769263374,0.0061853923940866475,1,3,12,37.5665132,126.9780166,20.0,0.0,0.0,-0.03,1.7300000000000018,0.8400000000000041,GLOBAL_POSITION_INT,EKF3 IMU0 MAG0 initial yaw alignment complete,STABILIZE,,,
2026-07-06T16:41:11.963736+00:00,7.7455549240112305,E5_companion_post_access_bridge,injection,4,37.56651321220001,126.97801666846969,20.0,2.0776629287200565,,,,,,,3,12,37.5665132,126.9780166,20.0,,,,1.7300000000000018,0.8400000000000041,GPS_RAW_INT,EKF3 IMU0 MAG0 initial yaw alignment complete,STABILIZE,,,
2026-07-06T16:41:12.167235+00:00,7.949380159378052,E5_companion_post_access_bridge,injection,5,37.566519850060104,126.97802504277297,20.0,3.121488704697864,,,,,,,3,12,37.5665132,126.9780166,20.0,,,,2.0899999999999985,0.7199999999999933,HEARTBEAT,EKF3 IMU0 MAG0 initial yaw alignment complete,STABILIZE,,,
2026-07-06T16:41:12.167739+00:00,7.949557542800903,E5_companion_post_access_bridge,injection,5,37.566519850060104,126.97802504277297,20.0,3.121488704697864,37.5665198,126.978025,20.0,3.1148871585861433,0.006722910945187352,1,3,12,37.5665132,126.9780166,20.0,0.0,0.0,-0.03,2.0899999999999985,0.7199999999999933,GLOBAL_POSITION_INT,EKF3 IMU0 MAG0 initial yaw alignment complete,STABILIZE,,,
2026-07-06T16:41:12.168054+00:00,7.949869155883789,E5_companion_post_access_bridge,injection,5,37.566519850060104,126.97802504277297,20.0,3.121488704697864,,,,,,,3,12,37.5665198,126.978025,20.0,,,,2.0899999999999985,0.7199999999999933,GPS_RAW_INT,EKF3 IMU0 MAG0 initial yaw alignment complete,STABILIZE,,,
2026-07-06T16:41:12.363323+00:00,8.145161390304565,E5_companion_post_access_bridge,injection,5,37.566519850060104,126.97802504277297,20.0,3.121488704697864,,,,,,,3,12,37.5665198,126.978025,20.0,,,,2.0899999999999985,0.7199999999999933,HEARTBEAT,EKF3 IMU0 MAG0 initial yaw alignment complete,STABILIZE,,,
2026-07-06T16:41:12.363525+00:00,8.145347595214844,E5_companion_post_access_bridge,injection,5,37.566519850060104,126.97802504277297,20.0,3.121488704697864,37.5665198,126.978025,20.0,3.1148871585861433,0.006722910945187352,1,3,12,37.5665198,126.978025,20.0,0.0,0.0,-0.03,2.0899999999999985,0.7199999999999933,GLOBAL_POSITION_INT,EKF3 IMU0 MAG0 initial yaw alignment complete,STABILIZE,,,
2026-07-06T16:41:12.364440+00:00,8.146264553070068,E5_companion_post_access_bridge,injection,5,37.566519850060104,126.97802504277297,20.0,3.121488704697864,,,,,,,3,12,37.5665198,126.978025,20.0,,,,2.0899999999999985,0.7199999999999933,GPS_RAW_INT,EKF3 IMU0 MAG0 initial yaw alignment complete,STABILIZE,,,
2026-07-06T16:41:12.556195+00:00,8.338032484054565,E5_companion_post_access_bridge,injection,6,37.56652744072309,126.97803461912936,20.0,4.315145876084159,,,,,,,3,12,37.5665198,126.978025,20.0,,,,2.3899999999999992,0.600000000000002,HEARTBEAT,EKF3 IMU0 MAG0 initial yaw alignment complete,STABILIZE,,,
2026-07-06T16:41:12.556346+00:00,8.338162183761597,E5_companion_post_access_bridge,injection,6,37.56652744072309,126.97803461912936,20.0,4.315145876084159,37.5665274,126.9780346,20.0,4.31075222130872,0.0048319041053256195,1,3,12,37.5665198,126.978025,20.0,0.0,0.0,-0.03,2.3899999999999992,0.600000000000002,GLOBAL_POSITION_INT,EKF3 IMU0 MAG0 initial yaw alignment complete,STABILIZE,,,
2026-07-06T16:41:12.556662+00:00,8.338480710983276,E5_companion_post_access_bridge,injection,6,37.56652744072309,126.97803461912936,20.0,4.315145876084159,,,,,,,3,12,37.5665274,126.9780346,20.0,,,,2.3899999999999992,0.600000000000002,GPS_RAW_INT,EKF3 IMU0 MAG0 initial yaw alignment complete,STABILIZE,,,
2026-07-06T16:41:12.757841+00:00,8.539681434631348,E5_companion_post_access_bridge,injection,6,37.56652744072309,126.97803461912936,20.0,4.315145876084159,,,,,,,3,12,37.5665274,126.9780346,20.0,,,,2.3899999999999992,0.600000000000002,HEARTBEAT,EKF3 IMU0 MAG0 initial yaw alignment complete,STABILIZE,,,
2026-07-06T16:41:12.757991+00:00,8.539807081222534,E5_companion_post_access_bridge,injection,6,37.56652744072309,126.97803461912936,20.0,4.315145876084159,37.5665274,126.9780346,20.0,4.31075222130872,0.0048319041053256195,1,3,12,37.5665274,126.9780346,20.0,0.0,0.0,-0.03,2.3899999999999992,0.600000000000002,GLOBAL_POSITION_INT,EKF3 IMU0 MAG0 initial yaw alignment complete,STABILIZE,,,
2026-07-06T16:41:12.758306+00:00,8.540123462677002,E5_companion_post_access_bridge,injection,6,37.56652744072309,126.97803461912936,20.0,4.315145876084159,,,,,,,3,12,37.5665274,126.9780346,20.0,,,,2.3899999999999992,0.600000000000002,GPS_RAW_INT,EKF3 IMU0 MAG0 initial yaw alignment complete,STABILIZE,,,
2026-07-06T16:41:12.959490+00:00,8.74133014678955,E5_companion_post_access_bridge,injection,6,37.56652744072309,126.97803461912936,20.0,4.315145876084159,,,,,,,3,12,37.5665274,126.9780346,20.0,,,,2.3899999999999992,0.600000000000002,HEARTBEAT,EKF3 IMU0 MAG0 initial yaw alignment complete,STABILIZE,,,
2026-07-06T16:41:12.959656+00:00,8.741478204727173,E5_companion_post_access_bridge,injection,6,37.56652744072309,126.97803461912936,20.0,4.315145876084159,37.5665274,126.9780346,20.0,4.31075222130872,0.0048319041053256195,1,3,12,37.5665274,126.9780346,20.0,0.0,0.0,-0.03,2.3899999999999992,0.600000000000002,GLOBAL_POSITION_INT,EKF3 IMU0 MAG0 initial yaw alignment complete,STABILIZE,,,
2026-07-06T16:41:12.960022+00:00,8.741841316223145,E5_companion_post_access_bridge,injection,6,37.56652744072309,126.97803461912936,20.0,4.315145876084159,,,,,,,3,12,37.5665274,126.9780346,20.0,,,,2.3899999999999992,0.600000000000002,GPS_RAW_INT,EKF3 IMU0 MAG0 initial yaw alignment complete,STABILIZE,,,
2026-07-06T16:41:13.161927+00:00,8.943774223327637,E5_companion_post_access_bridge,injection,7,37.56653579362838,126.97804515712822,20.0,5.628668131143089,,,,,,,3,12,37.5665274,126.9780346,20.0,,,,2.629999999999999,0.47999999999999954,HEARTBEAT,EKF3 IMU0 MAG0 initial yaw alignment complete,STABILIZE,,,
2026-07-06T16:41:13.162123+00:00,8.943939685821533,E5_companion_post_access_bridge,injection,7,37.56653579362838,126.97804515712822,20.0,5.628668131143089,37.5665357,126.9780451,20.0,5.617747319666984,0.011564685845498954,1,3,12,37.5665274,126.9780346,20.0,0.0,0.0,-0.02,2.629999999999999,0.47999999999999954,GLOBAL_POSITION_INT,EKF3 IMU0 MAG0 initial yaw alignment complete,STABILIZE,,,
2026-07-06T16:41:13.162538+00:00,8.944363594055176,E5_companion_post_access_bridge,injection,7,37.56653579362838,126.97804515712822,20.0,5.628668131143089,,,,,,,3,12,37.5665357,126.9780451,20.0,,,,2.629999999999999,0.47999999999999954,GPS_RAW_INT,EKF3 IMU0 MAG0 initial yaw alignment complete,STABILIZE,,,
2026-07-06T16:41:13.365187+00:00,9.147030353546143,E5_companion_post_access_bridge,injection,7,37.56653579362838,126.97804515712822,20.0,5.628668131143089,,,,,,,3,12,37.5665357,126.9780451,20.0,,,,2.629999999999999,0.47999999999999954,HEARTBEAT,EKF3 IMU0 MAG0 initial yaw alignment complete,STABILIZE,,,
2026-07-06T16:41:13.365362+00:00,9.147180080413818,E5_companion_post_access_bridge,injection,7,37.56653579362838,126.97804515712822,20.0,5.628668131143089,37.5665357,126.9780451,20.0,5.617747319666984,0.011564685845498954,1,3,12,37.5665357,126.9780451,20.0,0.0,0.0,-0.02,2.629999999999999,0.47999999999999954,GLOBAL_POSITION_INT,EKF3 IMU0 MAG0 initial yaw alignment complete,STABILIZE,,,
2026-07-06T16:41:13.365754+00:00,9.14757752418518,E5_companion_post_access_bridge,injection,7,37.56653579362838,126.97804515712822,20.0,5.628668131143089,,,,,,,3,12,37.5665357,126.9780451,20.0,,,,2.629999999999999,0.47999999999999954,GPS_RAW_INT,EKF3 IMU0 MAG0 initial yaw alignment complete,STABILIZE,,,
2026-07-06T16:41:13.567895+00:00,9.34973430633545,E5_companion_post_access_bridge,injection,7,37.56653579362838,126.97804515712822,20.0,5.628668131143089,,,,,,,3,12,37.5665357,126.9780451,20.0,,,,2.629999999999999,0.47999999999999954,HEARTBEAT,EKF3 IMU0 MAG0 initial yaw alignment complete,STABILIZE,,,
2026-07-06T16:41:13.568055+00:00,9.34987473487854,E5_companion_post_access_bridge,injection,7,37.56653579362838,126.97804515712822,20.0,5.628668131143089,37.5665357,126.9780451,20.0,5.617747319666984,0.011564685845498954,1,3,12,37.5665357,126.9780451,20.0,0.0,0.0,-0.02,2.629999999999999,0.47999999999999954,GLOBAL_POSITION_INT,EKF3 IMU0 MAG0 initial yaw alignment complete,STABILIZE,,,
2026-07-06T16:41:13.568434+00:00,9.350257635116577,E5_companion_post_access_bridge,injection,7,37.56653579362838,126.97804515712822,20.0,5.628668131143089,,,,,,,3,12,37.5665357,126.9780451,20.0,,,,2.629999999999999,0.47999999999999954,GPS_RAW_INT,EKF3 IMU0 MAG0 initial yaw alignment complete,STABILIZE,,,
2026-07-06T16:41:13.773529+00:00,9.5553719997406,E5_companion_post_access_bridge,injection,8,37.56654471821541,126.97805641635895,20.0,7.032089167566192,,,,,,,3,12,37.5665357,126.9780451,20.0,,,,2.8100000000000063,0.3600000000000141,HEARTBEAT,EKF3 IMU0 MAG0 initial yaw alignment complete,STABILIZE,,,
2026-07-06T16:41:13.773718+00:00,9.555541276931763,E5_companion_post_access_bridge,injection,8,37.56654471821541,126.97805641635895,20.0,7.032089167566192,37.5665447,126.9780564,20.0,7.029637421573775,0.0024862461579747207,1,3,12,37.5665357,126.9780451,20.0,0.0,0.0,-0.02,2.8100000000000063,0.3600000000000141,GLOBAL_POSITION_INT,EKF3 IMU0 MAG0 initial yaw alignment complete,STABILIZE,,,
2026-07-06T16:41:13.774138+00:00,9.555959224700928,E5_companion_post_access_bridge,injection,8,37.56654471821541,126.97805641635895,20.0,7.032089167566192,,,,,,,3,12,37.5665447,126.9780564,20.0,,,,2.8100000000000063,0.3600000000000141,GPS_RAW_INT,EKF3 IMU0 MAG0 initial yaw alignment complete,STABILIZE,,,
2026-07-06T16:41:13.957687+00:00,9.739530563354492,E5_companion_post_access_bridge,injection,8,37.56654471821541,126.97805641635895,20.0,7.032089167566192,,,,,,,3,12,37.5665447,126.9780564,20.0,,,,2.8100000000000063,0.3600000000000141,HEARTBEAT,EKF3 IMU0 MAG0 initial yaw alignment complete,STABILIZE,,,
2026-07-06T16:41:13.957956+00:00,9.73978328704834,E5_companion_post_access_bridge,injection,8,37.56654471821541,126.97805641635895,20.0,7.032089167566192,37.5665447,126.9780564,20.0,7.029637421573775,0.0024862461579747207,1,3,12,37.5665447,126.9780564,20.0,0.0,0.0,-0.02,2.8100000000000063,0.3600000000000141,GLOBAL_POSITION_INT,EKF3 IMU0 MAG0 initial yaw alignment complete,STABILIZE,,,
2026-07-06T16:41:13.958380+00:00,9.740204334259033,E5_companion_post_access_bridge,injection,8,37.56654471821541,126.97805641635895,20.0,7.032089167566192,,,,,,,3,12,37.5665447,126.9780564,20.0,,,,2.8100000000000063,0.3600000000000141,GPS_RAW_INT,EKF3 IMU0 MAG0 initial yaw alignment complete,STABILIZE,,,
2026-07-06T16:41:14.158761+00:00,9.940598964691162,E5_companion_post_access_bridge,injection,9,37.56655402392359,126.97806815641093,20.0,8.49544268491622,,,,,,,3,12,37.5665447,126.9780564,20.0,,,,2.929999999999997,0.2399999999999822,HEARTBEAT,EKF3 IMU0 MAG0 initial yaw alignment complete,STABILIZE,,,
2026-07-06T16:41:14.158928+00:00,9.940743684768677,E5_companion_post_access_bridge,injection,9,37.56655402392359,126.97806815641093,20.0,8.49544268491622,37.566554,126.9780681,20.0,8.490046105412528,0.005638875418382046,1,3,12,37.5665447,126.9780564,20.0,0.0,0.0,-0.02,2.929999999999997,0.2399999999999822,GLOBAL_POSITION_INT,EKF3 IMU0 MAG0 initial yaw alignment complete,STABILIZE,,,
2026-07-06T16:41:14.159261+00:00,9.941079139709473,E5_companion_post_access_bridge,injection,9,37.56655402392359,126.97806815641093,20.0,8.49544268491622,,,,,,,3,12,37.566554,126.9780681,20.0,,,,2.929999999999997,0.2399999999999822,GPS_RAW_INT,EKF3 IMU0 MAG0 initial yaw alignment complete,STABILIZE,,,
2026-07-06T16:41:14.360512+00:00,10.142348051071167,E5_companion_post_access_bridge,injection,9,37.56655402392359,126.97806815641093,20.0,8.49544268491622,,,,,,,3,12,37.566554,126.9780681,20.0,,,,2.929999999999997,0.2399999999999822,HEARTBEAT,EKF3 IMU0 MAG0 initial yaw alignment complete,STABILIZE,,,
2026-07-06T16:41:14.360656+00:00,10.142470121383667,E5_companion_post_access_bridge,injection,9,37.56655402392359,126.97806815641093,20.0,8.49544268491622,37.566554,126.9780681,20.0,8.490046105412528,0.005638875418382046,1,3,12,37.566554,126.9780681,20.0,0.0,0.0,-0.02,2.929999999999997,0.2399999999999822,GLOBAL_POSITION_INT,EKF3 IMU0 MAG0 initial yaw alignment complete,STABILIZE,,,
2026-07-06T16:41:14.360958+00:00,10.142772674560547,E5_companion_post_access_bridge,injection,9,37.56655402392359,126.97806815641093,20.0,8.49544268491622,,,,,,,3,12,37.566554,126.9780681,20.0,,,,2.929999999999997,0.2399999999999822,GPS_RAW_INT,EKF3 IMU0 MAG0 initial yaw alignment complete,STABILIZE,,,
2026-07-06T16:41:14.563016+00:00,10.344852924346924,E5_companion_post_access_bridge,injection,9,37.56655402392359,126.97806815641093,20.0,8.49544268491622,,,,,,,3,12,37.566554,126.9780681,20.0,,,,2.929999999999997,0.2399999999999822,HEARTBEAT,EKF3 IMU0 MAG0 initial yaw alignment complete,STABILIZE,,,
2026-07-06T16:41:14.563200+00:00,10.3450186252594,E5_companion_post_access_bridge,injection,9,37.56655402392359,126.97806815641093,20.0,8.49544268491622,37.566554,126.9780681,20.0,8.490046105412528,0.005638875418382046,1,3,12,37.566554,126.9780681,20.0,0.0,0.0,-0.02,2.929999999999997,0.2399999999999822,GLOBAL_POSITION_INT,EKF3 IMU0 MAG0 initial yaw alignment complete,STABILIZE,,,
2026-07-06T16:41:14.563546+00:00,10.345362901687622,E5_companion_post_access_bridge,injection,9,37.56655402392359,126.97806815641093,20.0,8.49544268491622,,,,,,,3,12,37.566554,126.9780681,20.0,,,,2.929999999999997,0.2399999999999822,GPS_RAW_INT,EKF3 IMU0 MAG0 initial yaw alignment complete,STABILIZE,,,
2026-07-06T16:41:14.730487+00:00,10.512322902679443,E5_companion_post_access_bridge,injection,10,37.56656352019235,126.97808013687352,20.0,9.988762391826127,,,,,,,3,12,37.566554,126.9780681,20.0,,,,2.989999999999998,0.12000000000000177,STATUSTEXT,EKF3 IMU1 origin set,STABILIZE,,,
2026-07-06T16:41:14.738860+00:00,10.520694732666016,E5_companion_post_access_bridge,injection,10,37.56656352019235,126.97808013687352,20.0,9.988762391826127,,,,,,,3,12,37.566554,126.9780681,20.0,,,,2.989999999999998,0.12000000000000177,STATUSTEXT,EKF3 IMU0 origin set,STABILIZE,,,
2026-07-06T16:41:14.762402+00:00,10.544241666793823,E5_companion_post_access_bridge,injection,10,37.56656352019235,126.97808013687352,20.0,9.988762391826127,,,,,,,3,12,37.566554,126.9780681,20.0,,,,2.989999999999998,0.12000000000000177,HEARTBEAT,EKF3 IMU0 origin set,STABILIZE,,,
2026-07-06T16:41:14.762593+00:00,10.544410943984985,E5_companion_post_access_bridge,injection,10,37.56656352019235,126.97808013687352,20.0,9.988762391826127,37.5665635,126.9780801,20.0,9.984876688081394,0.003950136384100554,1,3,12,37.566554,126.9780681,20.0,0.0,0.0,-0.02,2.989999999999998,0.12000000000000177,GLOBAL_POSITION_INT,EKF3 IMU0 origin set,STABILIZE,,,
2026-07-06T16:41:14.762927+00:00,10.544744491577148,E5_companion_post_access_bridge,injection,10,37.56656352019235,126.97808013687352,20.0,9.988762391826127,,,,,,,3,12,37.5665635,126.9780801,20.0,,,,2.989999999999998,0.12000000000000177,GPS_RAW_INT,EKF3 IMU0 origin set,STABILIZE,,,
2026-07-06T16:41:14.803654+00:00,10.585490465164185,E5_companion_post_access_bridge,injection,10,37.56656352019235,126.97808013687352,20.0,9.988762391826127,,,,,,,3,12,37.5665635,126.9780801,20.0,,,,2.989999999999998,0.12000000000000177,STATUSTEXT,Field Elevation Set: 20m,STABILIZE,,,
2026-07-06T16:41:14.972320+00:00,10.754162073135376,E5_companion_post_access_bridge,injection,10,37.56656352019235,126.97808013687352,20.0,9.988762391826127,,,,,,,3,12,37.5665635,126.9780801,20.0,,,,2.989999999999998,0.12000000000000177,HEARTBEAT,Field Elevation Set: 20m,STABILIZE,,,
2026-07-06T16:41:14.972533+00:00,10.754359483718872,E5_companion_post_access_bridge,injection,10,37.56656352019235,126.97808013687352,20.0,9.988762391826127,37.5665635,126.9780801,20.0,9.984876688081394,0.003950136384100554,1,3,12,37.5665635,126.9780801,20.0,0.0,0.0,0.0,2.989999999999998,0.12000000000000177,GLOBAL_POSITION_INT,Field Elevation Set: 20m,STABILIZE,,,
2026-07-06T16:41:14.972896+00:00,10.754714727401733,E5_companion_post_access_bridge,injection,10,37.56656352019235,126.97808013687352,20.0,9.988762391826127,,,,,,,3,12,37.5665635,126.9780801,20.0,,,,2.989999999999998,0.12000000000000177,GPS_RAW_INT,Field Elevation Set: 20m,STABILIZE,,,
2026-07-06T16:41:15.164362+00:00,10.946197986602783,E5_companion_post_access_bridge,injection,10,37.56656352019235,126.97808013687352,20.0,9.988762391826127,,,,,,,3,12,37.5665635,126.9780801,20.0,,,,2.989999999999998,0.12000000000000177,HEARTBEAT,Field Elevation Set: 20m,STABILIZE,,,
2026-07-06T16:41:15.164527+00:00,10.946344137191772,E5_companion_post_access_bridge,injection,10,37.56656352019235,126.97808013687352,20.0,9.988762391826127,37.5665635,126.9780801,20.0,9.984876688081394,0.003950136384100554,1,3,12,37.5665635,126.9780801,20.0,0.0,0.0,0.0,2.989999999999998,0.12000000000000177,GLOBAL_POSITION_INT,Field Elevation Set: 20m,STABILIZE,,,
2026-07-06T16:41:15.164878+00:00,10.94669485092163,E5_companion_post_access_bridge,injection,10,37.56656352019235,126.97808013687352,20.0,9.988762391826127,,,,,,,3,12,37.5665635,126.9780801,20.0,,,,2.989999999999998,0.12000000000000177,GPS_RAW_INT,Field Elevation Set: 20m,STABILIZE,,,
2026-07-06T16:41:15.368435+00:00,11.150274276733398,E5_companion_post_access_bridge,injection,11,37.5665730164611,126.9780921173361,20.0,11.482082002990271,,,,,,,3,12,37.5665635,126.9780801,20.0,,,,2.990000000000002,7.944109290391274e-15,HEARTBEAT,Field Elevation Set: 20m,STABILIZE,,,
2026-07-06T16:41:15.368597+00:00,11.150413036346436,E5_companion_post_access_bridge,injection,11,37.5665730164611,126.9780921173361,20.0,11.482082002990271,37.566573,126.9780921,20.0,11.47970728356894,0.0023843302032341743,1,3,12,37.5665635,126.9780801,20.0,0.0,0.0,0.0,2.990000000000002,7.944109290391274e-15,GLOBAL_POSITION_INT,Field Elevation Set: 20m,STABILIZE,,,
2026-07-06T16:41:15.369007+00:00,11.150832176208496,E5_companion_post_access_bridge,injection,11,37.5665730164611,126.9780921173361,20.0,11.482082002990271,,,,,,,3,12,37.566573,126.9780921,20.0,,,,2.990000000000002,7.944109290391274e-15,GPS_RAW_INT,Field Elevation Set: 20m,STABILIZE,,,
2026-07-06T16:41:15.566610+00:00,11.348450660705566,E5_companion_post_access_bridge,injection,11,37.5665730164611,126.9780921173361,20.0,11.482082002990271,,,,,,,3,12,37.566573,126.9780921,20.0,,,,2.990000000000002,7.944109290391274e-15,HEARTBEAT,Field Elevation Set: 20m,STABILIZE,,,
2026-07-06T16:41:15.566769+00:00,11.348586797714233,E5_companion_post_access_bridge,injection,11,37.5665730164611,126.9780921173361,20.0,11.482082002990271,37.566573,126.9780921,20.0,11.47970728356894,0.0023843302032341743,1,3,12,37.566573,126.9780921,20.0,0.0,0.0,0.0,2.990000000000002,7.944109290391274e-15,GLOBAL_POSITION_INT,Field Elevation Set: 20m,STABILIZE,,,
2026-07-06T16:41:15.567201+00:00,11.34902572631836,E5_companion_post_access_bridge,injection,11,37.5665730164611,126.9780921173361,20.0,11.482082002990271,,,,,,,3,12,37.566573,126.9780921,20.0,,,,2.990000000000002,7.944109290391274e-15,GPS_RAW_INT,Field Elevation Set: 20m,STABILIZE,,,
2026-07-06T16:41:15.767710+00:00,11.549543380737305,E5_companion_post_access_bridge,injection,12,37.566582322169275,126.97810385738808,20.0,12.945435242381148,,,,,,,3,12,37.566573,126.9780921,20.0,,,,2.929999999999992,0.12000000000001936,HEARTBEAT,Field Elevation Set: 20m,STABILIZE,,,
2026-07-06T16:41:15.767860+00:00,11.549737691879272,E5_companion_post_access_bridge,injection,12,37.566582322169275,126.97810385738808,20.0,12.945435242381148,37.5665823,126.9781038,20.0,12.940115673410457,0.005626804765663934,1,3,12,37.566573,126.9780921,20.0,0.0,0.0,0.0,2.929999999999992,0.12000000000001936,GLOBAL_POSITION_INT,Field Elevation Set: 20m,STABILIZE,,,
2026-07-06T16:41:15.768401+00:00,11.550227165222168,E5_companion_post_access_bridge,injection,12,37.566582322169275,126.97810385738808,20.0,12.945435242381148,,,,,,,3,12,37.5665823,126.9781038,20.0,,,,2.929999999999992,0.12000000000001936,GPS_RAW_INT,Field Elevation Set: 20m,STABILIZE,,,
2026-07-06T16:41:15.969864+00:00,11.751702070236206,E5_companion_post_access_bridge,injection,12,37.566582322169275,126.97810385738808,20.0,12.945435242381148,,,,,,,3,12,37.5665823,126.9781038,20.0,,,,2.929999999999992,0.12000000000001936,HEARTBEAT,Field Elevation Set: 20m,STABILIZE,,,
2026-07-06T16:41:15.970013+00:00,11.751828908920288,E5_companion_post_access_bridge,injection,12,37.566582322169275,126.97810385738808,20.0,12.945435242381148,37.5665823,126.9781038,20.0,12.940115673410457,0.005626804765663934,1,3,12,37.5665823,126.9781038,20.0,0.0,0.0,0.0,2.929999999999992,0.12000000000001936,GLOBAL_POSITION_INT,Field Elevation Set: 20m,STABILIZE,,,
2026-07-06T16:41:15.970319+00:00,11.752137422561646,E5_companion_post_access_bridge,injection,12,37.566582322169275,126.97810385738808,20.0,12.945435242381148,,,,,,,3,12,37.5665823,126.9781038,20.0,,,,2.929999999999992,0.12000000000001936,GPS_RAW_INT,Field Elevation Set: 20m,STABILIZE,,,
2026-07-06T16:41:16.200443+00:00,11.982281923294067,E5_companion_post_access_bridge,injection,12,37.566582322169275,126.97810385738808,20.0,12.945435242381148,,,,,,,3,12,37.5665823,126.9781038,20.0,,,,2.929999999999992,0.12000000000001936,HEARTBEAT,Field Elevation Set: 20m,STABILIZE,,,
2026-07-06T16:41:16.222338+00:00,12.004177808761597,E5_companion_post_access_bridge,injection,12,37.566582322169275,126.97810385738808,20.0,12.945435242381148,37.5665823,126.9781038,20.0,12.940115673410457,0.005626804765663934,1,3,12,37.5665823,126.9781038,20.0,0.0,0.0,0.0,2.929999999999992,0.12000000000001936,GLOBAL_POSITION_INT,Field Elevation Set: 20m,STABILIZE,,,
2026-07-06T16:41:16.222755+00:00,12.004580020904541,E5_companion_post_access_bridge,injection,12,37.566582322169275,126.97810385738808,20.0,12.945435242381148,,,,,,,3,12,37.5665823,126.9781038,20.0,,,,2.929999999999992,0.12000000000001936,GPS_RAW_INT,Field Elevation Set: 20m,STABILIZE,,,
2026-07-06T16:41:16.368071+00:00,12.149910688400269,E5_companion_post_access_bridge,injection,13,37.5665912467563,126.9781151166188,20.0,14.348855839610385,,,,,,,3,12,37.5665823,126.9781038,20.0,,,,2.810000000000003,0.23999999999997843,HEARTBEAT,Field Elevation Set: 20m,STABILIZE,,,
2026-07-06T16:41:16.368283+00:00,12.15033483505249,E5_companion_post_access_bridge,injection,13,37.5665912467563,126.9781151166188,20.0,14.348855839610385,37.5665912,126.9781151,20.0,14.344144055488268,0.005401458909894061,1,3,12,37.5665823,126.9781038,20.0,0.0,0.0,0.0,2.810000000000003,0.23999999999997843,GLOBAL_POSITION_INT,Field Elevation Set: 20m,STABILIZE,,,
2026-07-06T16:41:16.368921+00:00,12.15074110031128,E5_companion_post_access_bridge,injection,13,37.5665912467563,126.9781151166188,20.0,14.348855839610385,,,,,,,3,12,37.5665912,126.9781151,20.0,,,,2.810000000000003,0.23999999999997843,GPS_RAW_INT,Field Elevation Set: 20m,STABILIZE,,,
2026-07-06T16:41:16.559445+00:00,12.341284036636353,E5_companion_post_access_bridge,injection,13,37.5665912467563,126.9781151166188,20.0,14.348855839610385,,,,,,,3,12,37.5665912,126.9781151,20.0,,,,2.810000000000003,0.23999999999997843,HEARTBEAT,Field Elevation Set: 20m,STABILIZE,,,
2026-07-06T16:41:16.559614+00:00,12.341435670852661,E5_companion_post_access_bridge,injection,13,37.5665912467563,126.9781151166188,20.0,14.348855839610385,37.5665912,126.9781151,20.0,14.344144055488268,0.005401458909894061,1,3,12,37.5665912,126.9781151,20.0,0.0,0.0,0.0,2.810000000000003,0.23999999999997843,GLOBAL_POSITION_INT,Field Elevation Set: 20m,STABILIZE,,,
2026-07-06T16:41:16.560059+00:00,12.341881275177002,E5_companion_post_access_bridge,injection,13,37.5665912467563,126.9781151166188,20.0,14.348855839610385,,,,,,,3,12,37.5665912,126.9781151,20.0,,,,2.810000000000003,0.23999999999997843,GPS_RAW_INT,Field Elevation Set: 20m,STABILIZE,,,
2026-07-06T16:41:16.759143+00:00,12.540980577468872,E5_companion_post_access_bridge,injection,13,37.5665912467563,126.9781151166188,20.0,14.348855839610385,,,,,,,3,12,37.5665912,126.9781151,20.0,,,,2.810000000000003,0.23999999999997843,HEARTBEAT,Field Elevation Set: 20m,STABILIZE,,,
2026-07-06T16:41:16.759306+00:00,12.541122674942017,E5_companion_post_access_bridge,injection,13,37.5665912467563,126.9781151166188,20.0,14.348855839610385,37.5665912,126.9781151,20.0,14.344144055488268,0.005401458909894061,1,3,12,37.5665912,126.9781151,20.0,0.0,0.0,0.0,2.810000000000003,0.23999999999997843,GLOBAL_POSITION_INT,Field Elevation Set: 20m,STABILIZE,,,
2026-07-06T16:41:16.759646+00:00,12.54146432876587,E5_companion_post_access_bridge,injection,13,37.5665912467563,126.9781151166188,20.0,14.348855839610385,,,,,,,3,12,37.5665912,126.9781151,20.0,,,,2.810000000000003,0.23999999999997843,GPS_RAW_INT,Field Elevation Set: 20m,STABILIZE,,,
2026-07-06T16:41:16.964810+00:00,12.746647596359253,E5_companion_post_access_bridge,injection,14,37.56659959966159,126.97812565461767,20.0,15.662377532991757,,,,,,,3,12,37.5665912,126.9781151,20.0,,,,2.6300000000000003,0.3600000000000053,HEARTBEAT,Field Elevation Set: 20m,STABILIZE,,,
2026-07-06T16:41:16.964971+00:00,12.746787309646606,E5_companion_post_access_bridge,injection,14,37.56659959966159,126.97812565461767,20.0,15.662377532991757,37.5665995,126.9781256,20.0,15.65113816059668,0.01208227293439896,1,3,12,37.5665912,126.9781151,20.0,0.0,0.0,0.0,2.6300000000000003,0.3600000000000053,GLOBAL_POSITION_INT,Field Elevation Set: 20m,STABILIZE,,,
2026-07-06T16:41:16.965344+00:00,12.747166633605957,E5_companion_post_access_bridge,injection,14,37.56659959966159,126.97812565461767,20.0,15.662377532991757,,,,,,,3,12,37.5665995,126.9781256,20.0,,,,2.6300000000000003,0.3600000000000053,GPS_RAW_INT,Field Elevation Set: 20m,STABILIZE,,,
2026-07-06T16:41:17.168174+00:00,12.950011491775513,E5_companion_post_access_bridge,injection,14,37.56659959966159,126.97812565461767,20.0,15.662377532991757,,,,,,,3,12,37.5665995,126.9781256,20.0,,,,2.6300000000000003,0.3600000000000053,HEARTBEAT,Field Elevation Set: 20m,STABILIZE,,,
2026-07-06T16:41:17.168352+00:00,12.950169086456299,E5_companion_post_access_bridge,injection,14,37.56659959966159,126.97812565461767,20.0,15.662377532991757,37.5665995,126.9781256,20.0,15.65113816059668,0.01208227293439896,1,3,12,37.5665995,126.9781256,20.0,0.0,0.0,0.0,2.6300000000000003,0.3600000000000053,GLOBAL_POSITION_INT,Field Elevation Set: 20m,STABILIZE,,,
2026-07-06T16:41:17.168874+00:00,12.950696229934692,E5_companion_post_access_bridge,injection,14,37.56659959966159,126.97812565461767,20.0,15.662377532991757,,,,,,,3,12,37.5665995,126.9781256,20.0,,,,2.6300000000000003,0.3600000000000053,GPS_RAW_INT,Field Elevation Set: 20m,STABILIZE,,,
2026-07-06T16:41:17.368488+00:00,13.150315761566162,E5_companion_post_access_bridge,injection,15,37.56660719032458,126.97813523097405,20.0,16.856034064522685,,,,,,,3,12,37.5665995,126.9781256,20.0,,,,2.390000000000002,0.47999999999999704,HEARTBEAT,Field Elevation Set: 20m,STABILIZE,,,
2026-07-06T16:41:17.368661+00:00,13.1504807472229,E5_companion_post_access_bridge,injection,15,37.56660719032458,126.97813523097405,20.0,16.856034064522685,37.5665995,126.9781256,20.0,15.65113816059668,1.2049046878115057,1,3,12,37.5665995,126.9781256,20.0,0.0,0.0,0.0,2.390000000000002,0.47999999999999704,GLOBAL_POSITION_INT,Field Elevation Set: 20m,STABILIZE,,,
2026-07-06T16:41:17.369062+00:00,13.15088176727295,E5_companion_post_access_bridge,injection,15,37.56660719032458,126.97813523097405,20.0,16.856034064522685,,,,,,,3,12,37.5665995,126.9781256,20.0,,,,2.390000000000002,0.47999999999999704,GPS_RAW_INT,Field Elevation Set: 20m,STABILIZE,,,
2026-07-06T16:41:17.567118+00:00,13.348958253860474,E5_companion_post_access_bridge,injection,15,37.56660719032458,126.97813523097405,20.0,16.856034064522685,,,,,,,3,12,37.5665995,126.9781256,20.0,,,,2.390000000000002,0.47999999999999704,HEARTBEAT,Field Elevation Set: 20m,STABILIZE,,,
2026-07-06T16:41:17.567293+00:00,13.34911060333252,E5_companion_post_access_bridge,injection,15,37.56660719032458,126.97813523097405,20.0,16.856034064522685,37.5666071,126.9781352,20.0,16.847002539882766,0.010408048894590757,1,3,12,37.5665995,126.9781256,20.0,0.0,0.0,0.0,2.390000000000002,0.47999999999999704,GLOBAL_POSITION_INT,Field Elevation Set: 20m,STABILIZE,,,
2026-07-06T16:41:17.567649+00:00,13.34946584701538,E5_companion_post_access_bridge,injection,15,37.56660719032458,126.97813523097405,20.0,16.856034064522685,,,,,,,3,12,37.5666071,126.9781352,20.0,,,,2.390000000000002,0.47999999999999704,GPS_RAW_INT,Field Elevation Set: 20m,STABILIZE,,,
2026-07-06T16:41:17.771547+00:00,13.553385734558105,E5_companion_post_access_bridge,injection,15,37.56660719032458,126.97813523097405,20.0,16.856034064522685,,,,,,,3,12,37.5666071,126.9781352,20.0,,,,2.390000000000002,0.47999999999999704,HEARTBEAT,Field Elevation Set: 20m,STABILIZE,,,
2026-07-06T16:41:17.771763+00:00,13.553584337234497,E5_companion_post_access_bridge,injection,15,37.56660719032458,126.97813523097405,20.0,16.856034064522685,37.5666071,126.9781352,20.0,16.847002539882766,0.010408048894590757,1,3,12,37.5666071,126.9781352,20.0,0.0,0.0,0.0,2.390000000000002,0.47999999999999704,GLOBAL_POSITION_INT,Field Elevation Set: 20m,STABILIZE,,,
2026-07-06T16:41:17.772106+00:00,13.5539231300354,E5_companion_post_access_bridge,injection,15,37.56660719032458,126.97813523097405,20.0,16.856034064522685,,,,,,,3,12,37.5666071,126.9781352,20.0,,,,2.390000000000002,0.47999999999999704,GPS_RAW_INT,Field Elevation Set: 20m,STABILIZE,,,
2026-07-06T16:41:17.963169+00:00,13.745006799697876,E5_companion_post_access_bridge,injection,16,37.56661382818468,126.97814360527734,20.0,17.899859182929934,,,,,,,3,12,37.5666071,126.9781352,20.0,,,,2.0900000000000025,0.5999999999999989,HEARTBEAT,Field Elevation Set: 20m,STABILIZE,,,
2026-07-06T16:41:17.963338+00:00,13.745155096054077,E5_companion_post_access_bridge,injection,16,37.56661382818468,126.97814360527734,20.0,17.899859182929934,37.5666138,126.9781436,20.0,17.89731431505543,0.003168322113530838,1,3,12,37.5666071,126.9781352,20.0,0.0,0.0,0.0,2.0900000000000025,0.5999999999999989,GLOBAL_POSITION_INT,Field Elevation Set: 20m,STABILIZE,,,
2026-07-06T16:41:17.963681+00:00,13.745496988296509,E5_companion_post_access_bridge,injection,16,37.56661382818468,126.97814360527734,20.0,17.899859182929934,,,,,,,3,12,37.5666138,126.9781436,20.0,,,,2.0900000000000025,0.5999999999999989,GPS_RAW_INT,Field Elevation Set: 20m,STABILIZE,,,
2026-07-06T16:41:18.171554+00:00,13.95338773727417,E5_companion_post_access_bridge,injection,16,37.56661382818468,126.97814360527734,20.0,17.899859182929934,,,,,,,3,12,37.5666138,126.9781436,20.0,,,,2.0900000000000025,0.5999999999999989,HEARTBEAT,Field Elevation Set: 20m,STABILIZE,,,
2026-07-06T16:41:18.171705+00:00,13.953521966934204,E5_companion_post_access_bridge,injection,16,37.56661382818468,126.97814360527734,20.0,17.899859182929934,37.5666138,126.9781436,20.0,17.89731431505543,0.003168322113530838,1,3,12,37.5666138,126.9781436,20.0,0.0,0.0,-0.01,2.0900000000000025,0.5999999999999989,GLOBAL_POSITION_INT,Field Elevation Set: 20m,STABILIZE,,,
2026-07-06T16:41:18.172032+00:00,13.95384931564331,E5_companion_post_access_bridge,injection,16,37.56661382818468,126.97814360527734,20.0,17.899859182929934,,,,,,,3,12,37.5666138,126.9781436,20.0,,,,2.0900000000000025,0.5999999999999989,GPS_RAW_INT,Field Elevation Set: 20m,STABILIZE,,,
2026-07-06T16:41:18.364531+00:00,14.146368503570557,E5_companion_post_access_bridge,injection,16,37.56661382818468,126.97814360527734,20.0,17.899859182929934,,,,,,,3,12,37.5666138,126.9781436,20.0,,,,2.0900000000000025,0.5999999999999989,HEARTBEAT,Field Elevation Set: 20m,STABILIZE,,,
2026-07-06T16:41:18.364698+00:00,14.146515607833862,E5_companion_post_access_bridge,injection,16,37.56661382818468,126.97814360527734,20.0,17.899859182929934,37.5666138,126.9781436,20.0,17.89731431505543,0.003168322113530838,1,3,12,37.5666138,126.9781436,20.0,0.0,0.0,-0.01,2.0900000000000025,0.5999999999999989,GLOBAL_POSITION_INT,Field Elevation Set: 20m,STABILIZE,,,
2026-07-06T16:41:18.365034+00:00,14.146850347518921,E5_companion_post_access_bridge,injection,16,37.56661382818468,126.97814360527734,20.0,17.899859182929934,,,,,,,3,12,37.5666138,126.9781436,20.0,,,,2.0900000000000025,0.5999999999999989,GPS_RAW_INT,Field Elevation Set: 20m,STABILIZE,,,
2026-07-06T16:41:18.566833+00:00,14.34867787361145,E5_companion_post_access_bridge,injection,17,37.56661932268132,126.97815053711689,20.0,18.76388663755754,,,,,,,3,12,37.5666138,126.9781436,20.0,,,,1.730000000000007,0.7199999999999905,HEARTBEAT,Field Elevation Set: 20m,STABILIZE,,,
2026-07-06T16:41:18.567116+00:00,14.348940134048462,E5_companion_post_access_bridge,injection,17,37.56661932268132,126.97815053711689,20.0,18.76388663755754,37.5666193,126.9781505,20.0,18.759790049999136,0.004130721827573428,1,3,12,37.5666138,126.9781436,20.0,0.0,0.0,-0.01,1.730000000000007,0.7199999999999905,GLOBAL_POSITION_INT,Field Elevation Set: 20m,STABILIZE,,,
2026-07-06T16:41:18.567462+00:00,14.349277973175049,E5_companion_post_access_bridge,injection,17,37.56661932268132,126.97815053711689,20.0,18.76388663755754,,,,,,,3,12,37.5666193,126.9781505,20.0,,,,1.730000000000007,0.7199999999999905,GPS_RAW_INT,Field Elevation Set: 20m,STABILIZE,,,
2026-07-06T16:41:18.760436+00:00,14.54227590560913,E5_companion_post_access_bridge,injection,17,37.56661932268132,126.97815053711689,20.0,18.76388663755754,,,,,,,3,12,37.5666193,126.9781505,20.0,,,,1.730000000000007,0.7199999999999905,HEARTBEAT,Field Elevation Set: 20m,STABILIZE,,,
2026-07-06T16:41:18.760601+00:00,14.542417049407959,E5_companion_post_access_bridge,injection,17,37.56661932268132,126.97815053711689,20.0,18.76388663755754,37.5666193,126.9781505,20.0,18.759790049999136,0.004130721827573428,1,3,12,37.5666193,126.9781505,20.0,0.0,0.0,-0.01,1.730000000000007,0.7199999999999905,GLOBAL_POSITION_INT,Field Elevation Set: 20m,STABILIZE,,,
2026-07-06T16:41:18.760943+00:00,14.542759656906128,E5_companion_post_access_bridge,injection,17,37.56661932268132,126.97815053711689,20.0,18.76388663755754,,,,,,,3,12,37.5666193,126.9781505,20.0,,,,1.730000000000007,0.7199999999999905,GPS_RAW_INT,Field Elevation Set: 20m,STABILIZE,,,
2026-07-06T16:41:18.961975+00:00,14.74381422996521,E5_companion_post_access_bridge,injection,18,37.56662348325392,126.97815578608211,20.0,19.418150181204535,,,,,,,3,12,37.5666193,126.9781505,20.0,,,,1.3099999999999858,0.8400000000000426,HEARTBEAT,Field Elevation Set: 20m,STABILIZE,,,
2026-07-06T16:41:18.962660+00:00,14.74448847770691,E5_companion_post_access_bridge,injection,18,37.56662348325392,126.97815578608211,20.0,19.418150181204535,37.5666234,126.9781557,20.0,19.406239338281807,0.01196929400407048,1,3,12,37.5666193,126.9781505,20.0,0.0,0.0,-0.01,1.3099999999999858,0.8400000000000426,GLOBAL_POSITION_INT,Field Elevation Set: 20m,STABILIZE,,,
2026-07-06T16:41:18.963090+00:00,14.744911670684814,E5_companion_post_access_bridge,injection,18,37.56662348325392,126.97815578608211,20.0,19.418150181204535,,,,,,,3,12,37.5666234,126.9781557,20.0,,,,1.3099999999999858,0.8400000000000426,GPS_RAW_INT,Field Elevation Set: 20m,STABILIZE,,,
2026-07-06T16:41:19.166573+00:00,14.948413610458374,E5_companion_post_access_bridge,injection,18,37.56662348325392,126.97815578608211,20.0,19.418150181204535,,,,,,,3,12,37.5666234,126.9781557,20.0,,,,1.3099999999999858,0.8400000000000426,HEARTBEAT,Field Elevation Set: 20m,STABILIZE,,,
2026-07-06T16:41:19.166756+00:00,14.948570728302002,E5_companion_post_access_bridge,injection,18,37.56662348325392,126.97815578608211,20.0,19.418150181204535,37.5666234,126.9781557,20.0,19.406239338281807,0.01196929400407048,1,3,12,37.5666234,126.9781557,20.0,0.0,0.0,-0.01,1.3099999999999858,0.8400000000000426,GLOBAL_POSITION_INT,Field Elevation Set: 20m,STABILIZE,,,
2026-07-06T16:41:19.170100+00:00,14.951937198638916,E5_companion_post_access_bridge,injection,18,37.56662348325392,126.97815578608211,20.0,19.418150181204535,,,,,,,3,12,37.5666234,126.9781557,20.0,,,,1.3099999999999858,0.8400000000000426,GPS_RAW_INT,Field Elevation Set: 20m,STABILIZE,,,
2026-07-06T16:41:19.375638+00:00,15.157479524612427,E5_companion_post_access_bridge,injection,18,37.56662348325392,126.97815578608211,20.0,19.418150181204535,,,,,,,3,12,37.5666234,126.9781557,20.0,,,,1.3099999999999858,0.8400000000000426,HEARTBEAT,Field Elevation Set: 20m,STABILIZE,,,
2026-07-06T16:41:19.375792+00:00,15.157607793807983,E5_companion_post_access_bridge,injection,18,37.56662348325392,126.97815578608211,20.0,19.418150181204535,37.5666234,126.9781557,20.0,19.406239338281807,0.01196929400407048,1,3,12,37.5666234,126.9781557,20.0,0.0,0.0,-0.01,1.3099999999999858,0.8400000000000426,GLOBAL_POSITION_INT,Field Elevation Set: 20m,STABILIZE,,,
2026-07-06T16:41:19.376096+00:00,15.157912731170654,E5_companion_post_access_bridge,injection,18,37.56662348325392,126.97815578608211,20.0,19.418150181204535,,,,,,,3,12,37.5666234,126.9781557,20.0,,,,1.3099999999999858,0.8400000000000426,GPS_RAW_INT,Field Elevation Set: 20m,STABILIZE,,,
2026-07-06T16:41:19.561361+00:00,15.34319806098938,E5_companion_post_access_bridge,injection,19,37.5666261193419,126.97815911176237,20.0,19.832683561338584,,,,,,,3,12,37.5666234,126.9781557,20.0,,,,0.8299999999999988,0.959999999999974,HEARTBEAT,Field Elevation Set: 20m,STABILIZE,,,
2026-07-06T16:41:19.561501+00:00,15.343316555023193,E5_companion_post_access_bridge,injection,19,37.5666261193419,126.97815911176237,20.0,19.832683561338584,37.5666261,126.9781591,20.0,19.830429721536568,0.002387545399503725,1,3,12,37.5666234,126.9781557,20.0,0.0,0.0,-0.01,0.8299999999999988,0.959999999999974,GLOBAL_POSITION_INT,Field Elevation Set: 20m,STABILIZE,,,
2026-07-06T16:41:19.562264+00:00,15.34409236907959,E5_companion_post_access_bridge,injection,19,37.5666261193419,126.97815911176237,20.0,19.832683561338584,,,,,,,3,12,37.5666261,126.9781591,20.0,,,,0.8299999999999988,0.959999999999974,GPS_RAW_INT,Field Elevation Set: 20m,STABILIZE,,,
2026-07-06T16:41:19.767707+00:00,15.549546003341675,E5_companion_post_access_bridge,injection,19,37.5666261193419,126.97815911176237,20.0,19.832683561338584,,,,,,,3,12,37.5666261,126.9781591,20.0,,,,0.8299999999999988,0.959999999999974,HEARTBEAT,Field Elevation Set: 20m,STABILIZE,,,
2026-07-06T16:41:19.771380+00:00,15.553221464157104,E5_companion_post_access_bridge,injection,19,37.5666261193419,126.97815911176237,20.0,19.832683561338584,37.5666261,126.9781591,20.0,19.830429721536568,0.002387545399503725,1,3,12,37.5666261,126.9781591,20.0,0.0,0.0,-0.01,0.8299999999999988,0.959999999999974,GLOBAL_POSITION_INT,Field Elevation Set: 20m,STABILIZE,,,
2026-07-06T16:41:19.771831+00:00,15.553646326065063,E5_companion_post_access_bridge,injection,19,37.5666261193419,126.97815911176237,20.0,19.832683561338584,,,,,,,3,12,37.5666261,126.9781591,20.0,,,,0.8299999999999988,0.959999999999974,GPS_RAW_INT,Field Elevation Set: 20m,STABILIZE,,,
2026-07-06T16:41:19.973423+00:00,15.755247592926025,E5_companion_post_access_bridge,injection,20,37.56662704038469,126.97816027374702,20.0,19.97752052332556,,,,,,,3,12,37.5666261,126.9781591,20.0,,,,0.290000000000006,1.0799999999999859,HEARTBEAT,Field Elevation Set: 20m,STABILIZE,,,
2026-07-06T16:41:19.973559+00:00,15.75537657737732,E5_companion_post_access_bridge,injection,20,37.56662704038469,126.97816027374702,20.0,19.97752052332556,37.566627,126.9781602,20.0,19.969749120337383,0.007900267178164135,1,3,12,37.5666261,126.9781591,20.0,0.0,0.0,-0.01,0.290000000000006,1.0799999999999859,GLOBAL_POSITION_INT,Field Elevation Set: 20m,STABILIZE,,,
2026-07-06T16:41:19.973875+00:00,15.75568962097168,E5_companion_post_access_bridge,injection,20,37.56662704038469,126.97816027374702,20.0,19.97752052332556,,,,,,,3,12,37.566627,126.9781602,20.0,,,,0.290000000000006,1.0799999999999859,GPS_RAW_INT,Field Elevation Set: 20m,STABILIZE,,,
2026-07-06T16:41:20.168213+00:00,15.950051307678223,E5_companion_post_access_bridge,injection,20,37.56662704038469,126.97816027374702,20.0,19.97752052332556,,,,,,,3,12,37.566627,126.9781602,20.0,,,,0.290000000000006,1.0799999999999859,HEARTBEAT,Field Elevation Set: 20m,STABILIZE,,,
2026-07-06T16:41:20.168382+00:00,15.950200080871582,E5_companion_post_access_bridge,injection,20,37.56662704038469,126.97816027374702,20.0,19.97752052332556,37.566627,126.9781602,20.0,19.969749120337383,0.007900267178164135,1,3,12,37.566627,126.9781602,20.0,0.0,0.0,-0.01,0.290000000000006,1.0799999999999859,GLOBAL_POSITION_INT,Field Elevation Set: 20m,STABILIZE,,,
2026-07-06T16:41:20.168727+00:00,15.950545310974121,E5_companion_post_access_bridge,injection,20,37.56662704038469,126.97816027374702,20.0,19.97752052332556,,,,,,,3,12,37.566627,126.9781602,20.0,,,,0.290000000000006,1.0799999999999859,GPS_RAW_INT,Field Elevation Set: 20m,STABILIZE,,,
2026-07-06T16:41:19.116522+00:00,14.898361921310425,E5_companion_post_access_bridge,injection,20,37.56662704038469,126.97816027374702,20.0,19.97752052332556,,,,,,,3,12,37.566627,126.9781602,20.0,,,,0.290000000000006,1.0799999999999859,HEARTBEAT,Field Elevation Set: 20m,STABILIZE,,,
2026-07-06T16:41:19.116712+00:00,14.898534059524536,E5_companion_post_access_bridge,injection,20,37.56662704038469,126.97816027374702,20.0,19.97752052332556,37.566627,126.9781602,20.0,19.969749120337383,0.007900267178164135,1,3,12,37.566627,126.9781602,20.0,0.0,0.0,-0.01,0.290000000000006,1.0799999999999859,GLOBAL_POSITION_INT,Field Elevation Set: 20m,STABILIZE,,,
2026-07-06T16:41:19.117645+00:00,14.899469375610352,E5_companion_post_access_bridge,injection,20,37.56662704038469,126.97816027374702,20.0,19.97752052332556,,,,,,,3,12,37.566627,126.9781602,20.0,,,,0.290000000000006,1.0799999999999859,GPS_RAW_INT,Field Elevation Set: 20m,STABILIZE,,,
2026-07-06T16:41:19.326055+00:00,15.107895374298096,E5_companion_post_access_bridge,injection,20,37.56662704038469,126.97816027374702,20.0,19.97752052332556,,,,,,,3,12,37.566627,126.9781602,20.0,,,,0.290000000000006,1.0799999999999859,HEARTBEAT,Field Elevation Set: 20m,STABILIZE,,,
2026-07-06T16:41:19.326226+00:00,15.108045816421509,E5_companion_post_access_bridge,injection,20,37.56662704038469,126.97816027374702,20.0,19.97752052332556,37.566627,126.9781602,20.0,19.969749120337383,0.007900267178164135,1,3,12,37.566627,126.9781602,20.0,0.0,0.0,-0.01,0.290000000000006,1.0799999999999859,GLOBAL_POSITION_INT,Field Elevation Set: 20m,STABILIZE,,,
2026-07-06T16:41:19.326600+00:00,15.108417510986328,E5_companion_post_access_bridge,injection,20,37.56662704038469,126.97816027374702,20.0,19.97752052332556,,,,,,,3,12,37.566627,126.9781602,20.0,,,,0.290000000000006,1.0799999999999859,GPS_RAW_INT,Field Elevation Set: 20m,STABILIZE,,,
2026-07-06T16:41:19.523282+00:00,15.306394338607788,E5_companion_post_access_bridge,injection,20,37.56662704038469,126.97816027374702,20.0,19.97752052332556,,,,,,,3,12,37.566627,126.9781602,20.0,,,,0.290000000000006,1.0799999999999859,HEARTBEAT,Field Elevation Set: 20m,STABILIZE,,,
2026-07-06T16:41:19.524791+00:00,15.306610584259033,E5_companion_post_access_bridge,injection,20,37.56662704038469,126.97816027374702,20.0,19.97752052332556,37.566627,126.9781602,20.0,19.969749120337383,0.007900267178164135,1,3,12,37.566627,126.9781602,20.0,0.0,0.0,-0.01,0.290000000000006,1.0799999999999859,GLOBAL_POSITION_INT,Field Elevation Set: 20m,STABILIZE,,,
2026-07-06T16:41:19.525143+00:00,15.306960582733154,E5_companion_post_access_bridge,injection,20,37.56662704038469,126.97816027374702,20.0,19.97752052332556,,,,,,,3,12,37.566627,126.9781602,20.0,,,,0.290000000000006,1.0799999999999859,GPS_RAW_INT,Field Elevation Set: 20m,STABILIZE,,,
2026-07-06T16:41:19.712971+00:00,15.494811534881592,E5_companion_post_access_bridge,injection,20,37.56662704038469,126.97816027374702,20.0,19.97752052332556,,,,,,,3,12,37.566627,126.9781602,20.0,,,,0.290000000000006,1.0799999999999859,HEARTBEAT,Field Elevation Set: 20m,STABILIZE,,,
2026-07-06T16:41:19.713137+00:00,15.494955062866211,E5_companion_post_access_bridge,injection,20,37.56662704038469,126.97816027374702,20.0,19.97752052332556,37.566627,126.9781602,20.0,19.969749120337383,0.007900267178164135,1,3,12,37.566627,126.9781602,20.0,0.0,0.0,-0.01,0.290000000000006,1.0799999999999859,GLOBAL_POSITION_INT,Field Elevation Set: 20m,STABILIZE,,,
2026-07-06T16:41:19.713536+00:00,15.495358943939209,E5_companion_post_access_bridge,injection,20,37.56662704038469,126.97816027374702,20.0,19.97752052332556,,,,,,,3,12,37.566627,126.9781602,20.0,,,,0.290000000000006,1.0799999999999859,GPS_RAW_INT,Field Elevation Set: 20m,STABILIZE,,,
2026-07-06T16:41:19.924811+00:00,15.706652402877808,E5_companion_post_access_bridge,injection,20,37.56662704038469,126.97816027374702,20.0,19.97752052332556,,,,,,,3,12,37.566627,126.9781602,20.0,,,,0.290000000000006,1.0799999999999859,HEARTBEAT,Field Elevation Set: 20m,STABILIZE,,,
2026-07-06T16:41:19.925010+00:00,15.70682954788208,E5_companion_post_access_bridge,injection,20,37.56662704038469,126.97816027374702,20.0,19.97752052332556,37.566627,126.9781602,20.0,19.969749120337383,0.007900267178164135,1,3,12,37.566627,126.9781602,20.0,0.0,0.0,-0.01,0.290000000000006,1.0799999999999859,GLOBAL_POSITION_INT,Field Elevation Set: 20m,STABILIZE,,,
2026-07-06T16:41:19.925361+00:00,15.707177877426147,E5_companion_post_access_bridge,injection,20,37.56662704038469,126.97816027374702,20.0,19.97752052332556,,,,,,,3,12,37.566627,126.9781602,20.0,,,,0.290000000000006,1.0799999999999859,GPS_RAW_INT,Field Elevation Set: 20m,STABILIZE,,,
2026-07-06T16:41:20.114855+00:00,15.896693706512451,E5_companion_post_access_bridge,injection,20,37.56662704038469,126.97816027374702,20.0,19.97752052332556,,,,,,,3,12,37.566627,126.9781602,20.0,,,,0.290000000000006,1.0799999999999859,HEARTBEAT,Field Elevation Set: 20m,STABILIZE,,,
2026-07-06T16:41:20.115060+00:00,15.896881341934204,E5_companion_post_access_bridge,injection,20,37.56662704038469,126.97816027374702,20.0,19.97752052332556,37.566627,126.9781602,20.0,19.969749120337383,0.007900267178164135,1,3,12,37.566627,126.9781602,20.0,0.0,0.0,-0.01,0.290000000000006,1.0799999999999859,GLOBAL_POSITION_INT,Field Elevation Set: 20m,STABILIZE,,,
2026-07-06T16:41:20.115412+00:00,15.897230386734009,E5_companion_post_access_bridge,injection,20,37.56662704038469,126.97816027374702,20.0,19.97752052332556,,,,,,,3,12,37.566627,126.9781602,20.0,,,,0.290000000000006,1.0799999999999859,GPS_RAW_INT,Field Elevation Set: 20m,STABILIZE,,,
2026-07-06T16:41:20.332485+00:00,16.114327907562256,E5_companion_post_access_bridge,injection,20,37.56662704038469,126.97816027374702,20.0,19.97752052332556,,,,,,,3,12,37.566627,126.9781602,20.0,,,,0.290000000000006,1.0799999999999859,HEARTBEAT,Field Elevation Set: 20m,STABILIZE,,,
2026-07-06T16:41:20.332691+00:00,16.114509105682373,E5_companion_post_access_bridge,injection,20,37.56662704038469,126.97816027374702,20.0,19.97752052332556,37.566627,126.9781602,20.0,19.969749120337383,0.007900267178164135,1,3,12,37.566627,126.9781602,20.0,0.0,0.0,-0.01,0.290000000000006,1.0799999999999859,GLOBAL_POSITION_INT,Field Elevation Set: 20m,STABILIZE,,,
2026-07-06T16:41:20.333037+00:00,16.114853620529175,E5_companion_post_access_bridge,injection,20,37.56662704038469,126.97816027374702,20.0,19.97752052332556,,,,,,,3,12,37.566627,126.9781602,20.0,,,,0.290000000000006,1.0799999999999859,GPS_RAW_INT,Field Elevation Set: 20m,STABILIZE,,,
2026-07-06T16:41:20.527990+00:00,16.309828758239746,E5_companion_post_access_bridge,settle,20,37.56662704038469,126.97816027374702,20.0,19.97752052332556,,,,,,,3,12,37.566627,126.9781602,20.0,,,,0.290000000000006,1.0799999999999859,HEARTBEAT,Field Elevation Set: 20m,STABILIZE,,,
2026-07-06T16:41:20.528169+00:00,16.30998682975769,E5_companion_post_access_bridge,settle,20,37.56662704038469,126.97816027374702,20.0,19.97752052332556,37.566627,126.9781602,20.0,19.969749120337383,0.007900267178164135,1,3,12,37.566627,126.9781602,20.0,0.0,0.0,-0.01,0.290000000000006,1.0799999999999859,GLOBAL_POSITION_INT,Field Elevation Set: 20m,STABILIZE,,,
2026-07-06T16:41:20.528518+00:00,16.3103346824646,E5_companion_post_access_bridge,settle,20,37.56662704038469,126.97816027374702,20.0,19.97752052332556,,,,,,,3,12,37.566627,126.9781602,20.0,,,,0.290000000000006,1.0799999999999859,GPS_RAW_INT,Field Elevation Set: 20m,STABILIZE,,,
2026-07-06T16:41:20.729413+00:00,16.511248350143433,E5_companion_post_access_bridge,settle,20,37.56662704038469,126.97816027374702,20.0,19.97752052332556,,,,,,,3,12,37.566627,126.9781602,20.0,,,,0.290000000000006,1.0799999999999859,HEARTBEAT,Field Elevation Set: 20m,STABILIZE,,,
2026-07-06T16:41:20.729556+00:00,16.51137065887451,E5_companion_post_access_bridge,settle,20,37.56662704038469,126.97816027374702,20.0,19.97752052332556,37.566627,126.9781602,20.0,19.969749120337383,0.007900267178164135,1,3,12,37.566627,126.9781602,20.0,0.0,0.0,-0.01,0.290000000000006,1.0799999999999859,GLOBAL_POSITION_INT,Field Elevation Set: 20m,STABILIZE,,,
2026-07-06T16:41:20.729862+00:00,16.51167917251587,E5_companion_post_access_bridge,settle,20,37.56662704038469,126.97816027374702,20.0,19.97752052332556,,,,,,,3,12,37.566627,126.9781602,20.0,,,,0.290000000000006,1.0799999999999859,GPS_RAW_INT,Field Elevation Set: 20m,STABILIZE,,,
2026-07-06T16:41:20.930044+00:00,16.711886405944824,E5_companion_post_access_bridge,settle,20,37.56662704038469,126.97816027374702,20.0,19.97752052332556,,,,,,,3,12,37.566627,126.9781602,20.0,,,,0.290000000000006,1.0799999999999859,HEARTBEAT,Field Elevation Set: 20m,STABILIZE,,,
2026-07-06T16:41:20.930241+00:00,16.71206307411194,E5_companion_post_access_bridge,settle,20,37.56662704038469,126.97816027374702,20.0,19.97752052332556,37.566627,126.9781602,20.0,19.969749120337383,0.007900267178164135,1,3,12,37.566627,126.9781602,20.0,0.0,0.0,-0.01,0.290000000000006,1.0799999999999859,GLOBAL_POSITION_INT,Field Elevation Set: 20m,STABILIZE,,,
2026-07-06T16:41:20.930724+00:00,16.712544918060303,E5_companion_post_access_bridge,settle,20,37.56662704038469,126.97816027374702,20.0,19.97752052332556,,,,,,,3,12,37.566627,126.9781602,20.0,,,,0.290000000000006,1.0799999999999859,GPS_RAW_INT,Field Elevation Set: 20m,STABILIZE,,,
2026-07-06T16:41:21.116382+00:00,16.898221254348755,E5_companion_post_access_bridge,settle,20,37.56662704038469,126.97816027374702,20.0,19.97752052332556,,,,,,,3,12,37.566627,126.9781602,20.0,,,,0.290000000000006,1.0799999999999859,HEARTBEAT,Field Elevation Set: 20m,STABILIZE,,,
2026-07-06T16:41:21.116536+00:00,16.898351669311523,E5_companion_post_access_bridge,settle,20,37.56662704038469,126.97816027374702,20.0,19.97752052332556,37.566627,126.9781602,20.0,19.969749120337383,0.007900267178164135,1,3,12,37.566627,126.9781602,20.0,0.0,0.0,-0.01,0.290000000000006,1.0799999999999859,GLOBAL_POSITION_INT,Field Elevation Set: 20m,STABILIZE,,,
2026-07-06T16:41:21.116847+00:00,16.898663759231567,E5_companion_post_access_bridge,settle,20,37.56662704038469,126.97816027374702,20.0,19.97752052332556,,,,,,,3,12,37.566627,126.9781602,20.0,,,,0.290000000000006,1.0799999999999859,GPS_RAW_INT,Field Elevation Set: 20m,STABILIZE,,,
2026-07-06T16:41:21.316782+00:00,17.098618507385254,E5_companion_post_access_bridge,settle,20,37.56662704038469,126.97816027374702,20.0,19.97752052332556,,,,,,,3,12,37.566627,126.9781602,20.0,,,,0.290000000000006,1.0799999999999859,HEARTBEAT,Field Elevation Set: 20m,STABILIZE,,,
2026-07-06T16:41:21.316939+00:00,17.098755359649658,E5_companion_post_access_bridge,settle,20,37.56662704038469,126.97816027374702,20.0,19.97752052332556,37.566627,126.9781602,20.0,19.969749120337383,0.007900267178164135,1,3,12,37.566627,126.9781602,20.0,0.0,0.0,-0.01,0.290000000000006,1.0799999999999859,GLOBAL_POSITION_INT,Field Elevation Set: 20m,STABILIZE,,,
2026-07-06T16:41:21.317329+00:00,17.099148988723755,E5_companion_post_access_bridge,settle,20,37.56662704038469,126.97816027374702,20.0,19.97752052332556,,,,,,,3,12,37.566627,126.9781602,20.0,,,,0.290000000000006,1.0799999999999859,GPS_RAW_INT,Field Elevation Set: 20m,STABILIZE,,,
2026-07-06T16:41:21.515591+00:00,17.29742431640625,E5_companion_post_access_bridge,settle,20,37.56662704038469,126.97816027374702,20.0,19.97752052332556,,,,,,,3,12,37.566627,126.9781602,20.0,,,,0.290000000000006,1.0799999999999859,HEARTBEAT,Field Elevation Set: 20m,STABILIZE,,,
2026-07-06T16:41:21.515742+00:00,17.297557830810547,E5_companion_post_access_bridge,settle,20,37.56662704038469,126.97816027374702,20.0,19.97752052332556,37.566627,126.9781602,20.0,19.969749120337383,0.007900267178164135,1,3,12,37.566627,126.9781602,20.0,0.0,0.0,-0.01,0.290000000000006,1.0799999999999859,GLOBAL_POSITION_INT,Field Elevation Set: 20m,STABILIZE,,,
2026-07-06T16:41:21.516074+00:00,17.297889947891235,E5_companion_post_access_bridge,settle,20,37.56662704038469,126.97816027374702,20.0,19.97752052332556,,,,,,,3,12,37.566627,126.9781602,20.0,,,,0.290000000000006,1.0799999999999859,GPS_RAW_INT,Field Elevation Set: 20m,STABILIZE,,,
2026-07-06T16:41:21.721313+00:00,17.503149271011353,E5_companion_post_access_bridge,settle,20,37.56662704038469,126.97816027374702,20.0,19.97752052332556,,,,,,,3,12,37.566627,126.9781602,20.0,,,,0.290000000000006,1.0799999999999859,HEARTBEAT,Field Elevation Set: 20m,STABILIZE,,,
2026-07-06T16:41:21.721485+00:00,17.50330138206482,E5_companion_post_access_bridge,settle,20,37.56662704038469,126.97816027374702,20.0,19.97752052332556,37.566627,126.9781602,20.0,19.969749120337383,0.007900267178164135,1,3,12,37.566627,126.9781602,20.0,0.0,0.01,-0.01,0.290000000000006,1.0799999999999859,GLOBAL_POSITION_INT,Field Elevation Set: 20m,STABILIZE,,,
2026-07-06T16:41:21.721833+00:00,17.503649711608887,E5_companion_post_access_bridge,settle,20,37.56662704038469,126.97816027374702,20.0,19.97752052332556,,,,,,,3,12,37.566627,126.9781602,20.0,,,,0.290000000000006,1.0799999999999859,GPS_RAW_INT,Field Elevation Set: 20m,STABILIZE,,,
2026-07-06T16:41:21.916378+00:00,17.698213577270508,E5_companion_post_access_bridge,settle,20,37.56662704038469,126.97816027374702,20.0,19.97752052332556,,,,,,,3,12,37.566627,126.9781602,20.0,,,,0.290000000000006,1.0799999999999859,HEARTBEAT,Field Elevation Set: 20m,STABILIZE,,,
2026-07-06T16:41:21.916539+00:00,17.698354721069336,E5_companion_post_access_bridge,settle,20,37.56662704038469,126.97816027374702,20.0,19.97752052332556,37.566627,126.9781602,20.0,19.969749120337383,0.007900267178164135,1,3,12,37.566627,126.9781602,20.0,0.0,0.01,-0.01,0.290000000000006,1.0799999999999859,GLOBAL_POSITION_INT,Field Elevation Set: 20m,STABILIZE,,,
2026-07-06T16:41:21.916880+00:00,17.69869637489319,E5_companion_post_access_bridge,settle,20,37.56662704038469,126.97816027374702,20.0,19.97752052332556,,,,,,,3,12,37.566627,126.9781602,20.0,,,,0.290000000000006,1.0799999999999859,GPS_RAW_INT,Field Elevation Set: 20m,STABILIZE,,,
2026-07-06T16:41:22.115602+00:00,17.897441625595093,E5_companion_post_access_bridge,settle,20,37.56662704038469,126.97816027374702,20.0,19.97752052332556,,,,,,,3,12,37.566627,126.9781602,20.0,,,,0.290000000000006,1.0799999999999859,HEARTBEAT,Field Elevation Set: 20m,STABILIZE,,,
2026-07-06T16:41:22.115771+00:00,17.8975887298584,E5_companion_post_access_bridge,settle,20,37.56662704038469,126.97816027374702,20.0,19.97752052332556,37.566627,126.9781602,20.0,19.969749120337383,0.007900267178164135,1,3,12,37.566627,126.9781602,20.0,0.0,0.01,-0.01,0.290000000000006,1.0799999999999859,GLOBAL_POSITION_INT,Field Elevation Set: 20m,STABILIZE,,,
2026-07-06T16:41:22.116405+00:00,17.898228883743286,E5_companion_post_access_bridge,settle,20,37.56662704038469,126.97816027374702,20.0,19.97752052332556,,,,,,,3,12,37.566627,126.9781602,20.0,,,,0.290000000000006,1.0799999999999859,GPS_RAW_INT,Field Elevation Set: 20m,STABILIZE,,,
2026-07-06T16:41:22.317221+00:00,18.099058151245117,E5_companion_post_access_bridge,settle,20,37.56662704038469,126.97816027374702,20.0,19.97752052332556,,,,,,,3,12,37.566627,126.9781602,20.0,,,,0.290000000000006,1.0799999999999859,HEARTBEAT,Field Elevation Set: 20m,STABILIZE,,,
2026-07-06T16:41:22.317380+00:00,18.099197149276733,E5_companion_post_access_bridge,settle,20,37.56662704038469,126.97816027374702,20.0,19.97752052332556,37.566627,126.9781602,20.0,19.969749120337383,0.007900267178164135,1,3,12,37.566627,126.9781602,20.0,-0.01,0.01,-0.01,0.290000000000006,1.0799999999999859,GLOBAL_POSITION_INT,Field Elevation Set: 20m,STABILIZE,,,
2026-07-06T16:41:22.317926+00:00,18.099747896194458,E5_companion_post_access_bridge,settle,20,37.56662704038469,126.97816027374702,20.0,19.97752052332556,,,,,,,3,12,37.566627,126.9781602,20.0,,,,0.290000000000006,1.0799999999999859,GPS_RAW_INT,Field Elevation Set: 20m,STABILIZE,,,
2026-07-06T16:41:22.517958+00:00,18.299799919128418,E5_companion_post_access_bridge,settle,20,37.56662704038469,126.97816027374702,20.0,19.97752052332556,,,,,,,3,12,37.566627,126.9781602,20.0,,,,0.290000000000006,1.0799999999999859,HEARTBEAT,Field Elevation Set: 20m,STABILIZE,,,
2026-07-06T16:41:22.518135+00:00,18.299952268600464,E5_companion_post_access_bridge,settle,20,37.56662704038469,126.97816027374702,20.0,19.97752052332556,37.566627,126.9781602,20.0,19.969749120337383,0.007900267178164135,1,3,12,37.566627,126.9781602,20.0,-0.01,0.01,-0.01,0.290000000000006,1.0799999999999859,GLOBAL_POSITION_INT,Field Elevation Set: 20m,STABILIZE,,,
2026-07-06T16:41:22.518490+00:00,18.300307750701904,E5_companion_post_access_bridge,settle,20,37.56662704038469,126.97816027374702,20.0,19.97752052332556,,,,,,,3,12,37.566627,126.9781602,20.0,,,,0.290000000000006,1.0799999999999859,GPS_RAW_INT,Field Elevation Set: 20m,STABILIZE,,,
