timestamp,elapsed_s,experiment,phase,sample_index,target_lat,target_lon,target_alt,target_drift_m,obs_lat,obs_lon,obs_alt,official_drift_m,target_error_m,reflected,gps_fix_type,gps_satellites,gps_raw_lat,gps_raw_lon,gps_raw_alt,vn,ve,vd,commanded_speed_mps,commanded_accel_mps2,message_type,status_text,mode,mission_seq,fence_breach_status,fence_breach_count,fence_breach_type
2026-07-06T22:28:46.942956+00:00,0.009755849838256836,E7_fc-direct_hil-gps,warmup,0,37.5665,126.978,20.0,0.0,,,,,,,,,,,,,,,0.0,0.0,STATUSTEXT,GPS 1: detected MAV,,,,,
2026-07-06T22:28:47.030510+00:00,0.09731292724609375,E7_fc-direct_hil-gps,warmup,0,37.5665,126.978,20.0,0.0,,,,,,,,,,,,,,,0.0,0.0,HEARTBEAT,GPS 1: detected MAV,STABILIZE,,,,
2026-07-06T22:28:47.030661+00:00,0.0974435806274414,E7_fc-direct_hil-gps,warmup,0,37.5665,126.978,20.0,0.0,37.5665,126.978,20.0,0.0,0.0,0,,,,,,0.0,0.0,-0.02,0.0,0.0,GLOBAL_POSITION_INT,GPS 1: detected MAV,STABILIZE,,,,
2026-07-06T22:28:47.030785+00:00,0.09756612777709961,E7_fc-direct_hil-gps,warmup,0,37.5665,126.978,20.0,0.0,,,,,,,,,,,,,,,0.0,0.0,MISSION_CURRENT,GPS 1: detected MAV,STABILIZE,0,,,
2026-07-06T22:28:47.031045+00:00,0.09783029556274414,E7_fc-direct_hil-gps,warmup,0,37.5665,126.978,20.0,0.0,,,,,,,3,12,37.5665,126.978,20.0,,,,0.0,0.0,GPS_RAW_INT,GPS 1: detected MAV,STABILIZE,0,,,
2026-07-06T22:28:47.031093+00:00,0.09787201881408691,E7_fc-direct_hil-gps,warmup,0,37.5665,126.978,20.0,0.0,,,,,,,3,12,37.5665,126.978,20.0,,,,0.0,0.0,FENCE_STATUS,GPS 1: detected MAV,STABILIZE,0,0,0,0
2026-07-06T22:28:47.234385+00:00,0.30118489265441895,E7_fc-direct_hil-gps,warmup,0,37.5665,126.978,20.0,0.0,,,,,,,3,12,37.5665,126.978,20.0,,,,0.0,0.0,HEARTBEAT,GPS 1: detected MAV,STABILIZE,0,0,0,0
2026-07-06T22:28:47.234499+00:00,0.30127859115600586,E7_fc-direct_hil-gps,warmup,0,37.5665,126.978,20.0,0.0,37.5665,126.978,20.0,0.0,0.0,0,3,12,37.5665,126.978,20.0,0.0,0.0,-0.02,0.0,0.0,GLOBAL_POSITION_INT,GPS 1: detected MAV,STABILIZE,0,0,0,0
2026-07-06T22:28:47.234586+00:00,0.3013646602630615,E7_fc-direct_hil-gps,warmup,0,37.5665,126.978,20.0,0.0,,,,,,,3,12,37.5665,126.978,20.0,,,,0.0,0.0,MISSION_CURRENT,GPS 1: detected MAV,STABILIZE,0,0,0,0
2026-07-06T22:28:47.234735+00:00,0.3015134334564209,E7_fc-direct_hil-gps,warmup,0,37.5665,126.978,20.0,0.0,,,,,,,3,12,37.5665,126.978,20.0,,,,0.0,0.0,GPS_RAW_INT,GPS 1: detected MAV,STABILIZE,0,0,0,0
2026-07-06T22:28:47.234764+00:00,0.3015422821044922,E7_fc-direct_hil-gps,warmup,0,37.5665,126.978,20.0,0.0,,,,,,,3,12,37.5665,126.978,20.0,,,,0.0,0.0,FENCE_STATUS,GPS 1: detected MAV,STABILIZE,0,0,0,0
2026-07-06T22:28:47.432811+00:00,0.49961376190185547,E7_fc-direct_hil-gps,warmup,0,37.5665,126.978,20.0,0.0,,,,,,,3,12,37.5665,126.978,20.0,,,,0.0,0.0,HEARTBEAT,GPS 1: detected MAV,STABILIZE,0,0,0,0
2026-07-06T22:28:47.432978+00:00,0.49976134300231934,E7_fc-direct_hil-gps,warmup,0,37.5665,126.978,20.0,0.0,37.5665,126.978,20.0,0.0,0.0,0,3,12,37.5665,126.978,20.0,0.0,0.0,-0.03,0.0,0.0,GLOBAL_POSITION_INT,GPS 1: detected MAV,STABILIZE,0,0,0,0
2026-07-06T22:28:47.433140+00:00,0.499924898147583,E7_fc-direct_hil-gps,warmup,0,37.5665,126.978,20.0,0.0,,,,,,,3,12,37.5665,126.978,20.0,,,,0.0,0.0,MISSION_CURRENT,GPS 1: detected MAV,STABILIZE,0,0,0,0
2026-07-06T22:28:47.433350+00:00,0.5001311302185059,E7_fc-direct_hil-gps,warmup,0,37.5665,126.978,20.0,0.0,,,,,,,3,12,37.5665,126.978,20.0,,,,0.0,0.0,GPS_RAW_INT,GPS 1: detected MAV,STABILIZE,0,0,0,0
2026-07-06T22:28:47.433390+00:00,0.5001692771911621,E7_fc-direct_hil-gps,warmup,0,37.5665,126.978,20.0,0.0,,,,,,,3,12,37.5665,126.978,20.0,,,,0.0,0.0,FENCE_STATUS,GPS 1: detected MAV,STABILIZE,0,0,0,0
2026-07-06T22:28:47.631031+00:00,0.6978306770324707,E7_fc-direct_hil-gps,warmup,0,37.5665,126.978,20.0,0.0,,,,,,,3,12,37.5665,126.978,20.0,,,,0.0,0.0,HEARTBEAT,GPS 1: detected MAV,STABILIZE,0,0,0,0
2026-07-06T22:28:47.631146+00:00,0.697925329208374,E7_fc-direct_hil-gps,warmup,0,37.5665,126.978,20.0,0.0,37.5665,126.978,20.0,0.0,0.0,0,3,12,37.5665,126.978,20.0,0.0,0.0,-0.03,0.0,0.0,GLOBAL_POSITION_INT,GPS 1: detected MAV,STABILIZE,0,0,0,0
2026-07-06T22:28:47.631232+00:00,0.6980113983154297,E7_fc-direct_hil-gps,warmup,0,37.5665,126.978,20.0,0.0,,,,,,,3,12,37.5665,126.978,20.0,,,,0.0,0.0,MISSION_CURRENT,GPS 1: detected MAV,STABILIZE,0,0,0,0
2026-07-06T22:28:47.631385+00:00,0.6981639862060547,E7_fc-direct_hil-gps,warmup,0,37.5665,126.978,20.0,0.0,,,,,,,3,12,37.5665,126.978,20.0,,,,0.0,0.0,GPS_RAW_INT,GPS 1: detected MAV,STABILIZE,0,0,0,0
2026-07-06T22:28:47.631413+00:00,0.6981918811798096,E7_fc-direct_hil-gps,warmup,0,37.5665,126.978,20.0,0.0,,,,,,,3,12,37.5665,126.978,20.0,,,,0.0,0.0,FENCE_STATUS,GPS 1: detected MAV,STABILIZE,0,0,0,0
2026-07-06T22:28:47.829449+00:00,0.8962485790252686,E7_fc-direct_hil-gps,warmup,0,37.5665,126.978,20.0,0.0,,,,,,,3,12,37.5665,126.978,20.0,,,,0.0,0.0,HEARTBEAT,GPS 1: detected MAV,STABILIZE,0,0,0,0
2026-07-06T22:28:47.829573+00:00,0.8963541984558105,E7_fc-direct_hil-gps,warmup,0,37.5665,126.978,20.0,0.0,37.5665,126.978,20.0,0.0,0.0,0,3,12,37.5665,126.978,20.0,0.0,0.0,-0.03,0.0,0.0,GLOBAL_POSITION_INT,GPS 1: detected MAV,STABILIZE,0,0,0,0
2026-07-06T22:28:47.829690+00:00,0.8964722156524658,E7_fc-direct_hil-gps,warmup,0,37.5665,126.978,20.0,0.0,,,,,,,3,12,37.5665,126.978,20.0,,,,0.0,0.0,MISSION_CURRENT,GPS 1: detected MAV,STABILIZE,0,0,0,0
2026-07-06T22:28:47.830070+00:00,0.8968608379364014,E7_fc-direct_hil-gps,warmup,0,37.5665,126.978,20.0,0.0,,,,,,,3,12,37.5665,126.978,20.0,,,,0.0,0.0,GPS_RAW_INT,GPS 1: detected MAV,STABILIZE,0,0,0,0
2026-07-06T22:28:47.830141+00:00,0.8969244956970215,E7_fc-direct_hil-gps,warmup,0,37.5665,126.978,20.0,0.0,,,,,,,3,12,37.5665,126.978,20.0,,,,0.0,0.0,FENCE_STATUS,GPS 1: detected MAV,STABILIZE,0,0,0,0
2026-07-06T22:28:48.033457+00:00,1.1002593040466309,E7_fc-direct_hil-gps,warmup,0,37.5665,126.978,20.0,0.0,,,,,,,3,12,37.5665,126.978,20.0,,,,0.0,0.0,HEARTBEAT,GPS 1: detected MAV,STABILIZE,0,0,0,0
2026-07-06T22:28:48.033604+00:00,1.100386619567871,E7_fc-direct_hil-gps,warmup,0,37.5665,126.978,20.0,0.0,37.5665,126.978,20.0,0.0,0.0,0,3,12,37.5665,126.978,20.0,0.0,0.0,-0.03,0.0,0.0,GLOBAL_POSITION_INT,GPS 1: detected MAV,STABILIZE,0,0,0,0
2026-07-06T22:28:48.033720+00:00,1.1005001068115234,E7_fc-direct_hil-gps,warmup,0,37.5665,126.978,20.0,0.0,,,,,,,3,12,37.5665,126.978,20.0,,,,0.0,0.0,MISSION_CURRENT,GPS 1: detected MAV,STABILIZE,0,0,0,0
2026-07-06T22:28:48.033912+00:00,1.1006927490234375,E7_fc-direct_hil-gps,warmup,0,37.5665,126.978,20.0,0.0,,,,,,,3,12,37.5665,126.978,20.0,,,,0.0,0.0,GPS_RAW_INT,GPS 1: detected MAV,STABILIZE,0,0,0,0
2026-07-06T22:28:48.033948+00:00,1.1007270812988281,E7_fc-direct_hil-gps,warmup,0,37.5665,126.978,20.0,0.0,,,,,,,3,12,37.5665,126.978,20.0,,,,0.0,0.0,FENCE_STATUS,GPS 1: detected MAV,STABILIZE,0,0,0,0
2026-07-06T22:28:48.231685+00:00,1.2984857559204102,E7_fc-direct_hil-gps,warmup,0,37.5665,126.978,20.0,0.0,,,,,,,3,12,37.5665,126.978,20.0,,,,0.0,0.0,HEARTBEAT,GPS 1: detected MAV,STABILIZE,0,0,0,0
2026-07-06T22:28:48.231818+00:00,1.298597812652588,E7_fc-direct_hil-gps,warmup,0,37.5665,126.978,20.0,0.0,37.5665,126.978,20.0,0.0,0.0,0,3,12,37.5665,126.978,20.0,0.0,0.0,-0.03,0.0,0.0,GLOBAL_POSITION_INT,GPS 1: detected MAV,STABILIZE,0,0,0,0
2026-07-06T22:28:48.231921+00:00,1.2986998558044434,E7_fc-direct_hil-gps,warmup,0,37.5665,126.978,20.0,0.0,,,,,,,3,12,37.5665,126.978,20.0,,,,0.0,0.0,MISSION_CURRENT,GPS 1: detected MAV,STABILIZE,0,0,0,0
2026-07-06T22:28:48.232107+00:00,1.2988865375518799,E7_fc-direct_hil-gps,warmup,0,37.5665,126.978,20.0,0.0,,,,,,,3,12,37.5665,126.978,20.0,,,,0.0,0.0,GPS_RAW_INT,GPS 1: detected MAV,STABILIZE,0,0,0,0
2026-07-06T22:28:48.232141+00:00,1.2989201545715332,E7_fc-direct_hil-gps,warmup,0,37.5665,126.978,20.0,0.0,,,,,,,3,12,37.5665,126.978,20.0,,,,0.0,0.0,FENCE_STATUS,GPS 1: detected MAV,STABILIZE,0,0,0,0
2026-07-06T22:28:48.429957+00:00,1.496760368347168,E7_fc-direct_hil-gps,warmup,0,37.5665,126.978,20.0,0.0,,,,,,,3,12,37.5665,126.978,20.0,,,,0.0,0.0,HEARTBEAT,GPS 1: detected MAV,STABILIZE,0,0,0,0
2026-07-06T22:28:48.430080+00:00,1.496859073638916,E7_fc-direct_hil-gps,warmup,0,37.5665,126.978,20.0,0.0,37.5665,126.978,20.0,0.0,0.0,0,3,12,37.5665,126.978,20.0,0.0,0.0,-0.03,0.0,0.0,GLOBAL_POSITION_INT,GPS 1: detected MAV,STABILIZE,0,0,0,0
2026-07-06T22:28:48.430161+00:00,1.4969398975372314,E7_fc-direct_hil-gps,warmup,0,37.5665,126.978,20.0,0.0,,,,,,,3,12,37.5665,126.978,20.0,,,,0.0,0.0,MISSION_CURRENT,GPS 1: detected MAV,STABILIZE,0,0,0,0
2026-07-06T22:28:48.430311+00:00,1.4970893859863281,E7_fc-direct_hil-gps,warmup,0,37.5665,126.978,20.0,0.0,,,,,,,3,12,37.5665,126.978,20.0,,,,0.0,0.0,GPS_RAW_INT,GPS 1: detected MAV,STABILIZE,0,0,0,0
2026-07-06T22:28:48.430339+00:00,1.497117280960083,E7_fc-direct_hil-gps,warmup,0,37.5665,126.978,20.0,0.0,,,,,,,3,12,37.5665,126.978,20.0,,,,0.0,0.0,FENCE_STATUS,GPS 1: detected MAV,STABILIZE,0,0,0,0
2026-07-06T22:28:48.628483+00:00,1.6952869892120361,E7_fc-direct_hil-gps,warmup,0,37.5665,126.978,20.0,0.0,,,,,,,3,12,37.5665,126.978,20.0,,,,0.0,0.0,HEARTBEAT,GPS 1: detected MAV,STABILIZE,0,0,0,0
2026-07-06T22:28:48.628674+00:00,1.6954600811004639,E7_fc-direct_hil-gps,warmup,0,37.5665,126.978,20.0,0.0,37.5665,126.978,20.0,0.0,0.0,0,3,12,37.5665,126.978,20.0,0.0,0.0,-0.03,0.0,0.0,GLOBAL_POSITION_INT,GPS 1: detected MAV,STABILIZE,0,0,0,0
2026-07-06T22:28:48.628795+00:00,1.6955757141113281,E7_fc-direct_hil-gps,warmup,0,37.5665,126.978,20.0,0.0,,,,,,,3,12,37.5665,126.978,20.0,,,,0.0,0.0,MISSION_CURRENT,GPS 1: detected MAV,STABILIZE,0,0,0,0
2026-07-06T22:28:48.629057+00:00,1.6958420276641846,E7_fc-direct_hil-gps,warmup,0,37.5665,126.978,20.0,0.0,,,,,,,3,12,37.5665,126.978,20.0,,,,0.0,0.0,GPS_RAW_INT,GPS 1: detected MAV,STABILIZE,0,0,0,0
2026-07-06T22:28:48.629106+00:00,1.695885181427002,E7_fc-direct_hil-gps,warmup,0,37.5665,126.978,20.0,0.0,,,,,,,3,12,37.5665,126.978,20.0,,,,0.0,0.0,FENCE_STATUS,GPS 1: detected MAV,STABILIZE,0,0,0,0
2026-07-06T22:28:48.832221+00:00,1.8990235328674316,E7_fc-direct_hil-gps,warmup,0,37.5665,126.978,20.0,0.0,,,,,,,3,12,37.5665,126.978,20.0,,,,0.0,0.0,HEARTBEAT,GPS 1: detected MAV,STABILIZE,0,0,0,0
2026-07-06T22:28:48.832363+00:00,1.8991425037384033,E7_fc-direct_hil-gps,warmup,0,37.5665,126.978,20.0,0.0,37.5665,126.978,20.0,0.0,0.0,0,3,12,37.5665,126.978,20.0,0.0,0.0,-0.03,0.0,0.0,GLOBAL_POSITION_INT,GPS 1: detected MAV,STABILIZE,0,0,0,0
2026-07-06T22:28:48.832479+00:00,1.8992583751678467,E7_fc-direct_hil-gps,warmup,0,37.5665,126.978,20.0,0.0,,,,,,,3,12,37.5665,126.978,20.0,,,,0.0,0.0,MISSION_CURRENT,GPS 1: detected MAV,STABILIZE,0,0,0,0
2026-07-06T22:28:48.832684+00:00,1.8994646072387695,E7_fc-direct_hil-gps,warmup,0,37.5665,126.978,20.0,0.0,,,,,,,3,12,37.5665,126.978,20.0,,,,0.0,0.0,GPS_RAW_INT,GPS 1: detected MAV,STABILIZE,0,0,0,0
2026-07-06T22:28:48.832722+00:00,1.8995013236999512,E7_fc-direct_hil-gps,warmup,0,37.5665,126.978,20.0,0.0,,,,,,,3,12,37.5665,126.978,20.0,,,,0.0,0.0,FENCE_STATUS,GPS 1: detected MAV,STABILIZE,0,0,0,0
2026-07-06T22:28:49.030712+00:00,2.0975282192230225,E7_fc-direct_hil-gps,warmup,0,37.5665,126.978,20.0,0.0,,,,,,,3,12,37.5665,126.978,20.0,,,,0.0,0.0,HEARTBEAT,GPS 1: detected MAV,STABILIZE,0,0,0,0
2026-07-06T22:28:49.030920+00:00,2.097710132598877,E7_fc-direct_hil-gps,warmup,0,37.5665,126.978,20.0,0.0,37.5665,126.978,20.0,0.0,0.0,0,3,12,37.5665,126.978,20.0,0.0,0.0,-0.03,0.0,0.0,GLOBAL_POSITION_INT,GPS 1: detected MAV,STABILIZE,0,0,0,0
2026-07-06T22:28:49.031036+00:00,2.097816228866577,E7_fc-direct_hil-gps,warmup,0,37.5665,126.978,20.0,0.0,,,,,,,3,12,37.5665,126.978,20.0,,,,0.0,0.0,MISSION_CURRENT,GPS 1: detected MAV,STABILIZE,0,0,0,0
2026-07-06T22:28:49.031262+00:00,2.0980474948883057,E7_fc-direct_hil-gps,warmup,0,37.5665,126.978,20.0,0.0,,,,,,,3,12,37.5665,126.978,20.0,,,,0.0,0.0,GPS_RAW_INT,GPS 1: detected MAV,STABILIZE,0,0,0,0
2026-07-06T22:28:49.031308+00:00,2.0980873107910156,E7_fc-direct_hil-gps,warmup,0,37.5665,126.978,20.0,0.0,,,,,,,3,12,37.5665,126.978,20.0,,,,0.0,0.0,FENCE_STATUS,GPS 1: detected MAV,STABILIZE,0,0,0,0
2026-07-06T22:28:49.234589+00:00,2.301389694213867,E7_fc-direct_hil-gps,warmup,0,37.5665,126.978,20.0,0.0,,,,,,,3,12,37.5665,126.978,20.0,,,,0.0,0.0,HEARTBEAT,GPS 1: detected MAV,STABILIZE,0,0,0,0
2026-07-06T22:28:49.234824+00:00,2.3016037940979004,E7_fc-direct_hil-gps,injection,1,37.56650635201923,126.97800801368734,20.0,0.9988764305990786,37.5665,126.978,20.0,0.0,0.9988764305990786,0,3,12,37.5665,126.978,20.0,0.0,0.0,-0.03,2.0,4.0,GLOBAL_POSITION_INT,GPS 1: detected MAV,STABILIZE,0,0,0,0
2026-07-06T22:28:49.234908+00:00,2.3016862869262695,E7_fc-direct_hil-gps,injection,1,37.56650635201923,126.97800801368734,20.0,0.9988764305990786,,,,,,,3,12,37.5665,126.978,20.0,,,,2.0,4.0,MISSION_CURRENT,GPS 1: detected MAV,STABILIZE,0,0,0,0
2026-07-06T22:28:49.235059+00:00,2.30183744430542,E7_fc-direct_hil-gps,injection,1,37.56650635201923,126.97800801368734,20.0,0.9988764305990786,,,,,,,3,12,37.5665,126.978,20.0,,,,2.0,4.0,GPS_RAW_INT,GPS 1: detected MAV,STABILIZE,0,0,0,0
2026-07-06T22:28:49.235087+00:00,2.3018651008605957,E7_fc-direct_hil-gps,injection,1,37.56650635201923,126.97800801368734,20.0,0.9988764305990786,,,,,,,3,12,37.5665,126.978,20.0,,,,2.0,4.0,FENCE_STATUS,GPS 1: detected MAV,STABILIZE,0,0,0,0
2026-07-06T22:28:49.433077+00:00,2.4998767375946045,E7_fc-direct_hil-gps,injection,1,37.56650635201923,126.97800801368734,20.0,0.9988764305990786,,,,,,,3,12,37.5665,126.978,20.0,,,,2.0,4.0,HEARTBEAT,GPS 1: detected MAV,STABILIZE,0,0,0,0
2026-07-06T22:28:49.433198+00:00,2.4999773502349854,E7_fc-direct_hil-gps,injection,1,37.56650635201923,126.97800801368734,20.0,0.9988764305990786,37.5665,126.978,20.0,0.0,0.9988764305990786,0,3,12,37.5665,126.978,20.0,0.0,0.0,-0.03,2.0,4.0,GLOBAL_POSITION_INT,GPS 1: detected MAV,STABILIZE,0,0,0,0
2026-07-06T22:28:49.433282+00:00,2.50006103515625,E7_fc-direct_hil-gps,injection,1,37.56650635201923,126.97800801368734,20.0,0.9988764305990786,,,,,,,3,12,37.5665,126.978,20.0,,,,2.0,4.0,MISSION_CURRENT,GPS 1: detected MAV,STABILIZE,0,0,0,0
2026-07-06T22:28:49.433430+00:00,2.500209093093872,E7_fc-direct_hil-gps,injection,1,37.56650635201923,126.97800801368734,20.0,0.9988764305990786,,,,,,,3,12,37.5665,126.978,20.0,,,,2.0,4.0,GPS_RAW_INT,GPS 1: detected MAV,STABILIZE,0,0,0,0
2026-07-06T22:28:49.433457+00:00,2.500234842300415,E7_fc-direct_hil-gps,injection,1,37.56650635201923,126.97800801368734,20.0,0.9988764305990786,,,,,,,3,12,37.5665,126.978,20.0,,,,2.0,4.0,FENCE_STATUS,GPS 1: detected MAV,STABILIZE,0,0,0,0
2026-07-06T22:28:49.631296+00:00,2.6980953216552734,E7_fc-direct_hil-gps,injection,1,37.56650635201923,126.97800801368734,20.0,0.9988764305990786,,,,,,,3,12,37.5665,126.978,20.0,,,,2.0,4.0,HEARTBEAT,GPS 1: detected MAV,STABILIZE,0,0,0,0
2026-07-06T22:28:49.631414+00:00,2.698192834854126,E7_fc-direct_hil-gps,injection,1,37.56650635201923,126.97800801368734,20.0,0.9988764305990786,37.5665,126.978,20.0,0.0,0.9988764305990786,0,3,12,37.5665,126.978,20.0,0.0,0.0,-0.02,2.0,4.0,GLOBAL_POSITION_INT,GPS 1: detected MAV,STABILIZE,0,0,0,0
2026-07-06T22:28:49.631497+00:00,2.6982762813568115,E7_fc-direct_hil-gps,injection,1,37.56650635201923,126.97800801368734,20.0,0.9988764305990786,,,,,,,3,12,37.5665,126.978,20.0,,,,2.0,4.0,MISSION_CURRENT,GPS 1: detected MAV,STABILIZE,0,0,0,0
2026-07-06T22:28:49.631644+00:00,2.698422431945801,E7_fc-direct_hil-gps,injection,1,37.56650635201923,126.97800801368734,20.0,0.9988764305990786,,,,,,,3,12,37.5665,126.978,20.0,,,,2.0,4.0,GPS_RAW_INT,GPS 1: detected MAV,STABILIZE,0,0,0,0
2026-07-06T22:28:49.631670+00:00,2.698448657989502,E7_fc-direct_hil-gps,injection,1,37.56650635201923,126.97800801368734,20.0,0.9988764305990786,,,,,,,3,12,37.5665,126.978,20.0,,,,2.0,4.0,FENCE_STATUS,GPS 1: detected MAV,STABILIZE,0,0,0,0
2026-07-06T22:28:49.829523+00:00,2.8963232040405273,E7_fc-direct_hil-gps,injection,2,37.566512704038466,126.9780160273747,20.0,1.997752818609409,,,,,,,3,12,37.5665,126.978,20.0,,,,2.0,0.0,HEARTBEAT,GPS 1: detected MAV,STABILIZE,0,0,0,0
2026-07-06T22:28:49.829640+00:00,2.896419048309326,E7_fc-direct_hil-gps,injection,2,37.566512704038466,126.9780160273747,20.0,1.997752818609409,37.5665,126.978,20.0,0.0,1.997752818609409,0,3,12,37.5665,126.978,20.0,0.0,0.0,-0.02,2.0,0.0,GLOBAL_POSITION_INT,GPS 1: detected MAV,STABILIZE,0,0,0,0
2026-07-06T22:28:49.829724+00:00,2.896503210067749,E7_fc-direct_hil-gps,injection,2,37.566512704038466,126.9780160273747,20.0,1.997752818609409,,,,,,,3,12,37.5665,126.978,20.0,,,,2.0,0.0,MISSION_CURRENT,GPS 1: detected MAV,STABILIZE,0,0,0,0
2026-07-06T22:28:49.829872+00:00,2.896650552749634,E7_fc-direct_hil-gps,injection,2,37.566512704038466,126.9780160273747,20.0,1.997752818609409,,,,,,,3,12,37.5665,126.978,20.0,,,,2.0,0.0,GPS_RAW_INT,GPS 1: detected MAV,STABILIZE,0,0,0,0
2026-07-06T22:28:49.829898+00:00,2.896677255630493,E7_fc-direct_hil-gps,injection,2,37.566512704038466,126.9780160273747,20.0,1.997752818609409,,,,,,,3,12,37.5665,126.978,20.0,,,,2.0,0.0,FENCE_STATUS,GPS 1: detected MAV,STABILIZE,0,0,0,0
2026-07-06T22:28:50.033630+00:00,3.1004350185394287,E7_fc-direct_hil-gps,injection,2,37.566512704038466,126.9780160273747,20.0,1.997752818609409,,,,,,,3,12,37.5665,126.978,20.0,,,,2.0,0.0,HEARTBEAT,GPS 1: detected MAV,STABILIZE,0,0,0,0
2026-07-06T22:28:50.033806+00:00,3.1005866527557373,E7_fc-direct_hil-gps,injection,2,37.566512704038466,126.9780160273747,20.0,1.997752818609409,37.5665,126.978,20.0,0.0,1.997752818609409,0,3,12,37.5665,126.978,20.0,0.0,0.0,-0.02,2.0,0.0,GLOBAL_POSITION_INT,GPS 1: detected MAV,STABILIZE,0,0,0,0
2026-07-06T22:28:50.033992+00:00,3.100773811340332,E7_fc-direct_hil-gps,injection,2,37.566512704038466,126.9780160273747,20.0,1.997752818609409,,,,,,,3,12,37.5665,126.978,20.0,,,,2.0,0.0,MISSION_CURRENT,GPS 1: detected MAV,STABILIZE,0,0,0,0
2026-07-06T22:28:50.034143+00:00,3.100922107696533,E7_fc-direct_hil-gps,injection,2,37.566512704038466,126.9780160273747,20.0,1.997752818609409,,,,,,,3,12,37.5665,126.978,20.0,,,,2.0,0.0,GPS_RAW_INT,GPS 1: detected MAV,STABILIZE,0,0,0,0
2026-07-06T22:28:50.034171+00:00,3.100950241088867,E7_fc-direct_hil-gps,injection,2,37.566512704038466,126.9780160273747,20.0,1.997752818609409,,,,,,,3,12,37.5665,126.978,20.0,,,,2.0,0.0,FENCE_STATUS,GPS 1: detected MAV,STABILIZE,0,0,0,0
2026-07-06T22:28:50.231944+00:00,3.2987494468688965,E7_fc-direct_hil-gps,injection,2,37.566512704038466,126.9780160273747,20.0,1.997752818609409,,,,,,,3,12,37.5665,126.978,20.0,,,,2.0,0.0,HEARTBEAT,GPS 1: detected MAV,STABILIZE,0,0,0,0
2026-07-06T22:28:50.232120+00:00,3.298900604248047,E7_fc-direct_hil-gps,injection,2,37.566512704038466,126.9780160273747,20.0,1.997752818609409,37.5665,126.978,20.0,0.0,1.997752818609409,0,3,12,37.5665,126.978,20.0,0.0,0.0,-0.02,2.0,0.0,GLOBAL_POSITION_INT,GPS 1: detected MAV,STABILIZE,0,0,0,0
2026-07-06T22:28:50.232264+00:00,3.299043655395508,E7_fc-direct_hil-gps,injection,2,37.566512704038466,126.9780160273747,20.0,1.997752818609409,,,,,,,3,12,37.5665,126.978,20.0,,,,2.0,0.0,MISSION_CURRENT,GPS 1: detected MAV,STABILIZE,0,0,0,0
2026-07-06T22:28:50.232502+00:00,3.2992820739746094,E7_fc-direct_hil-gps,injection,2,37.566512704038466,126.9780160273747,20.0,1.997752818609409,,,,,,,3,12,37.5665,126.978,20.0,,,,2.0,0.0,GPS_RAW_INT,GPS 1: detected MAV,STABILIZE,0,0,0,0
2026-07-06T22:28:50.232549+00:00,3.299328565597534,E7_fc-direct_hil-gps,injection,2,37.566512704038466,126.9780160273747,20.0,1.997752818609409,,,,,,,3,12,37.5665,126.978,20.0,,,,2.0,0.0,FENCE_STATUS,GPS 1: detected MAV,STABILIZE,0,0,0,0
2026-07-06T22:28:50.430152+00:00,3.496955633163452,E7_fc-direct_hil-gps,injection,3,37.5665190560577,126.97802404106206,20.0,2.9966291649166483,,,,,,,3,12,37.5665,126.978,20.0,,,,2.0,4.440892098500626e-16,HEARTBEAT,GPS 1: detected MAV,STABILIZE,0,0,0,0
2026-07-06T22:28:50.430302+00:00,3.4970836639404297,E7_fc-direct_hil-gps,injection,3,37.5665190560577,126.97802404106206,20.0,2.9966291649166483,37.5665,126.978,20.0,0.0,2.9966291649166483,0,3,12,37.5665,126.978,20.0,0.0,0.0,-0.02,2.0,4.440892098500626e-16,GLOBAL_POSITION_INT,GPS 1: detected MAV,STABILIZE,0,0,0,0
2026-07-06T22:28:50.430440+00:00,3.4972262382507324,E7_fc-direct_hil-gps,injection,3,37.5665190560577,126.97802404106206,20.0,2.9966291649166483,,,,,,,3,12,37.5665,126.978,20.0,,,,2.0,4.440892098500626e-16,MISSION_CURRENT,GPS 1: detected MAV,STABILIZE,0,0,0,0
2026-07-06T22:28:50.430634+00:00,3.4974141120910645,E7_fc-direct_hil-gps,injection,3,37.5665190560577,126.97802404106206,20.0,2.9966291649166483,,,,,,,3,12,37.5665,126.978,20.0,,,,2.0,4.440892098500626e-16,GPS_RAW_INT,GPS 1: detected MAV,STABILIZE,0,0,0,0
2026-07-06T22:28:50.430663+00:00,3.4974417686462402,E7_fc-direct_hil-gps,injection,3,37.5665190560577,126.97802404106206,20.0,2.9966291649166483,,,,,,,3,12,37.5665,126.978,20.0,,,,2.0,4.440892098500626e-16,FENCE_STATUS,GPS 1: detected MAV,STABILIZE,0,0,0,0
2026-07-06T22:28:50.628473+00:00,3.6952733993530273,E7_fc-direct_hil-gps,injection,3,37.5665190560577,126.97802404106206,20.0,2.9966291649166483,,,,,,,3,12,37.5665,126.978,20.0,,,,2.0,4.440892098500626e-16,HEARTBEAT,GPS 1: detected MAV,STABILIZE,0,0,0,0
2026-07-06T22:28:50.628594+00:00,3.6953728199005127,E7_fc-direct_hil-gps,injection,3,37.5665190560577,126.97802404106206,20.0,2.9966291649166483,37.5665,126.978,20.0,0.0,2.9966291649166483,0,3,12,37.5665,126.978,20.0,0.0,0.0,-0.02,2.0,4.440892098500626e-16,GLOBAL_POSITION_INT,GPS 1: detected MAV,STABILIZE,0,0,0,0
2026-07-06T22:28:50.628677+00:00,3.69545578956604,E7_fc-direct_hil-gps,injection,3,37.5665190560577,126.97802404106206,20.0,2.9966291649166483,,,,,,,3,12,37.5665,126.978,20.0,,,,2.0,4.440892098500626e-16,MISSION_CURRENT,GPS 1: detected MAV,STABILIZE,0,0,0,0
2026-07-06T22:28:50.628826+00:00,3.6956050395965576,E7_fc-direct_hil-gps,injection,3,37.5665190560577,126.97802404106206,20.0,2.9966291649166483,,,,,,,3,12,37.5665,126.978,20.0,,,,2.0,4.440892098500626e-16,GPS_RAW_INT,GPS 1: detected MAV,STABILIZE,0,0,0,0
2026-07-06T22:28:50.628853+00:00,3.695631504058838,E7_fc-direct_hil-gps,injection,3,37.5665190560577,126.97802404106206,20.0,2.9966291649166483,,,,,,,3,12,37.5665,126.978,20.0,,,,2.0,4.440892098500626e-16,FENCE_STATUS,GPS 1: detected MAV,STABILIZE,0,0,0,0
2026-07-06T22:28:50.832368+00:00,3.899167537689209,E7_fc-direct_hil-gps,injection,4,37.566525408076934,126.9780320547494,20.0,3.9955054677494575,,,,,,,3,12,37.5665,126.978,20.0,,,,1.9999999999999998,8.881784197001252e-16,HEARTBEAT,GPS 1: detected MAV,STABILIZE,0,0,0,0
2026-07-06T22:28:50.832512+00:00,3.899293899536133,E7_fc-direct_hil-gps,injection,4,37.566525408076934,126.9780320547494,20.0,3.9955054677494575,37.5665,126.978,20.0,0.0,3.9955054677494575,0,3,12,37.5665,126.978,20.0,0.0,0.0,-0.02,1.9999999999999998,8.881784197001252e-16,GLOBAL_POSITION_INT,GPS 1: detected MAV,STABILIZE,0,0,0,0
2026-07-06T22:28:50.832608+00:00,3.8993871212005615,E7_fc-direct_hil-gps,injection,4,37.566525408076934,126.9780320547494,20.0,3.9955054677494575,,,,,,,3,12,37.5665,126.978,20.0,,,,1.9999999999999998,8.881784197001252e-16,MISSION_CURRENT,GPS 1: detected MAV,STABILIZE,0,0,0,0
2026-07-06T22:28:50.832758+00:00,3.8995368480682373,E7_fc-direct_hil-gps,injection,4,37.566525408076934,126.9780320547494,20.0,3.9955054677494575,,,,,,,3,12,37.5665,126.978,20.0,,,,1.9999999999999998,8.881784197001252e-16,GPS_RAW_INT,GPS 1: detected MAV,STABILIZE,0,0,0,0
2026-07-06T22:28:50.832787+00:00,3.8995654582977295,E7_fc-direct_hil-gps,injection,4,37.566525408076934,126.9780320547494,20.0,3.9955054677494575,,,,,,,3,12,37.5665,126.978,20.0,,,,1.9999999999999998,8.881784197001252e-16,FENCE_STATUS,GPS 1: detected MAV,STABILIZE,0,0,0,0
2026-07-06T22:28:51.030707+00:00,4.097504615783691,E7_fc-direct_hil-gps,injection,4,37.566525408076934,126.9780320547494,20.0,3.9955054677494575,,,,,,,3,12,37.5665,126.978,20.0,,,,1.9999999999999998,8.881784197001252e-16,HEARTBEAT,GPS 1: detected MAV,STABILIZE,0,0,0,0
2026-07-06T22:28:51.030820+00:00,4.097599029541016,E7_fc-direct_hil-gps,injection,4,37.566525408076934,126.9780320547494,20.0,3.9955054677494575,37.5665,126.978,20.0,0.0,3.9955054677494575,0,3,12,37.5665,126.978,20.0,0.0,0.0,-0.02,1.9999999999999998,8.881784197001252e-16,GLOBAL_POSITION_INT,GPS 1: detected MAV,STABILIZE,0,0,0,0
2026-07-06T22:28:51.030903+00:00,4.097681999206543,E7_fc-direct_hil-gps,injection,4,37.566525408076934,126.9780320547494,20.0,3.9955054677494575,,,,,,,3,12,37.5665,126.978,20.0,,,,1.9999999999999998,8.881784197001252e-16,MISSION_CURRENT,GPS 1: detected MAV,STABILIZE,0,0,0,0
2026-07-06T22:28:51.031050+00:00,4.0978288650512695,E7_fc-direct_hil-gps,injection,4,37.566525408076934,126.9780320547494,20.0,3.9955054677494575,,,,,,,3,12,37.5665,126.978,20.0,,,,1.9999999999999998,8.881784197001252e-16,GPS_RAW_INT,GPS 1: detected MAV,STABILIZE,0,0,0,0
2026-07-06T22:28:51.031077+00:00,4.097856521606445,E7_fc-direct_hil-gps,injection,4,37.566525408076934,126.9780320547494,20.0,3.9955054677494575,,,,,,,3,12,37.5665,126.978,20.0,,,,1.9999999999999998,8.881784197001252e-16,FENCE_STATUS,GPS 1: detected MAV,STABILIZE,0,0,0,0
2026-07-06T22:28:51.234731+00:00,4.301535129547119,E7_fc-direct_hil-gps,injection,4,37.566525408076934,126.9780320547494,20.0,3.9955054677494575,,,,,,,3,12,37.5665,126.978,20.0,,,,1.9999999999999998,8.881784197001252e-16,HEARTBEAT,GPS 1: detected MAV,STABILIZE,0,0,0,0
2026-07-06T22:28:51.234903+00:00,4.301683664321899,E7_fc-direct_hil-gps,injection,4,37.566525408076934,126.9780320547494,20.0,3.9955054677494575,37.5665,126.978,20.0,0.0,3.9955054677494575,0,3,12,37.5665,126.978,20.0,0.0,0.0,-0.02,1.9999999999999998,8.881784197001252e-16,GLOBAL_POSITION_INT,GPS 1: detected MAV,STABILIZE,0,0,0,0
2026-07-06T22:28:51.235043+00:00,4.3018224239349365,E7_fc-direct_hil-gps,injection,4,37.566525408076934,126.9780320547494,20.0,3.9955054677494575,,,,,,,3,12,37.5665,126.978,20.0,,,,1.9999999999999998,8.881784197001252e-16,MISSION_CURRENT,GPS 1: detected MAV,STABILIZE,0,0,0,0
2026-07-06T22:28:51.235274+00:00,4.302053689956665,E7_fc-direct_hil-gps,injection,4,37.566525408076934,126.9780320547494,20.0,3.9955054677494575,,,,,,,3,12,37.5665,126.978,20.0,,,,1.9999999999999998,8.881784197001252e-16,GPS_RAW_INT,GPS 1: detected MAV,STABILIZE,0,0,0,0
2026-07-06T22:28:51.235319+00:00,4.302098035812378,E7_fc-direct_hil-gps,injection,4,37.566525408076934,126.9780320547494,20.0,3.9955054677494575,,,,,,,3,12,37.5665,126.978,20.0,,,,1.9999999999999998,8.881784197001252e-16,FENCE_STATUS,GPS 1: detected MAV,STABILIZE,0,0,0,0
2026-07-06T22:28:51.433116+00:00,4.499915599822998,E7_fc-direct_hil-gps,injection,5,37.56653176009617,126.97804006843675,20.0,4.994381727993494,,,,,,,3,12,37.5665,126.978,20.0,,,,1.9999999999999998,0.0,HEARTBEAT,GPS 1: detected MAV,STABILIZE,0,0,0,0
2026-07-06T22:28:51.433232+00:00,4.500011444091797,E7_fc-direct_hil-gps,injection,5,37.56653176009617,126.97804006843675,20.0,4.994381727993494,37.5665,126.978,20.0,0.0,4.994381727993494,0,3,12,37.5665,126.978,20.0,0.0,0.0,-0.01,1.9999999999999998,0.0,GLOBAL_POSITION_INT,GPS 1: detected MAV,STABILIZE,0,0,0,0
2026-07-06T22:28:51.433316+00:00,4.500094652175903,E7_fc-direct_hil-gps,injection,5,37.56653176009617,126.97804006843675,20.0,4.994381727993494,,,,,,,3,12,37.5665,126.978,20.0,,,,1.9999999999999998,0.0,MISSION_CURRENT,GPS 1: detected MAV,STABILIZE,0,0,0,0
2026-07-06T22:28:51.433460+00:00,4.500238418579102,E7_fc-direct_hil-gps,injection,5,37.56653176009617,126.97804006843675,20.0,4.994381727993494,,,,,,,3,12,37.5665,126.978,20.0,,,,1.9999999999999998,0.0,GPS_RAW_INT,GPS 1: detected MAV,STABILIZE,0,0,0,0
2026-07-06T22:28:51.433487+00:00,4.500265598297119,E7_fc-direct_hil-gps,injection,5,37.56653176009617,126.97804006843675,20.0,4.994381727993494,,,,,,,3,12,37.5665,126.978,20.0,,,,1.9999999999999998,0.0,FENCE_STATUS,GPS 1: detected MAV,STABILIZE,0,0,0,0
2026-07-06T22:28:51.631540+00:00,4.69834566116333,E7_fc-direct_hil-gps,injection,5,37.56653176009617,126.97804006843675,20.0,4.994381727993494,,,,,,,3,12,37.5665,126.978,20.0,,,,1.9999999999999998,0.0,HEARTBEAT,GPS 1: detected MAV,STABILIZE,0,0,0,0
2026-07-06T22:28:51.631700+00:00,4.698481321334839,E7_fc-direct_hil-gps,injection,5,37.56653176009617,126.97804006843675,20.0,4.994381727993494,37.5665,126.978,20.0,0.0,4.994381727993494,0,3,12,37.5665,126.978,20.0,0.0,0.0,-0.01,1.9999999999999998,0.0,GLOBAL_POSITION_INT,GPS 1: detected MAV,STABILIZE,0,0,0,0
2026-07-06T22:28:51.631820+00:00,4.6986002922058105,E7_fc-direct_hil-gps,injection,5,37.56653176009617,126.97804006843675,20.0,4.994381727993494,,,,,,,3,12,37.5665,126.978,20.0,,,,1.9999999999999998,0.0,MISSION_CURRENT,GPS 1: detected MAV,STABILIZE,0,0,0,0
2026-07-06T22:28:51.632028+00:00,4.698808908462524,E7_fc-direct_hil-gps,injection,5,37.56653176009617,126.97804006843675,20.0,4.994381727993494,,,,,,,3,12,37.5665,126.978,20.0,,,,1.9999999999999998,0.0,GPS_RAW_INT,GPS 1: detected MAV,STABILIZE,0,0,0,0
2026-07-06T22:28:51.632068+00:00,4.698846817016602,E7_fc-direct_hil-gps,injection,5,37.56653176009617,126.97804006843675,20.0,4.994381727993494,,,,,,,3,12,37.5665,126.978,20.0,,,,1.9999999999999998,0.0,FENCE_STATUS,GPS 1: detected MAV,STABILIZE,0,0,0,0
2026-07-06T22:28:51.829734+00:00,4.896534442901611,E7_fc-direct_hil-gps,injection,5,37.56653176009617,126.97804006843675,20.0,4.994381727993494,,,,,,,3,12,37.5665,126.978,20.0,,,,1.9999999999999998,0.0,HEARTBEAT,GPS 1: detected MAV,STABILIZE,0,0,0,0
2026-07-06T22:28:51.829854+00:00,4.8966333866119385,E7_fc-direct_hil-gps,injection,5,37.56653176009617,126.97804006843675,20.0,4.994381727993494,37.5665,126.978,20.0,0.0,4.994381727993494,0,3,12,37.5665,126.978,20.0,0.0,0.0,-0.01,1.9999999999999998,0.0,GLOBAL_POSITION_INT,GPS 1: detected MAV,STABILIZE,0,0,0,0
2026-07-06T22:28:51.829941+00:00,4.896719932556152,E7_fc-direct_hil-gps,injection,5,37.56653176009617,126.97804006843675,20.0,4.994381727993494,,,,,,,3,12,37.5665,126.978,20.0,,,,1.9999999999999998,0.0,MISSION_CURRENT,GPS 1: detected MAV,STABILIZE,0,0,0,0
2026-07-06T22:28:51.830095+00:00,4.896873474121094,E7_fc-direct_hil-gps,injection,5,37.56653176009617,126.97804006843675,20.0,4.994381727993494,,,,,,,3,12,37.5665,126.978,20.0,,,,1.9999999999999998,0.0,GPS_RAW_INT,GPS 1: detected MAV,STABILIZE,0,0,0,0
2026-07-06T22:28:51.830122+00:00,4.896900177001953,E7_fc-direct_hil-gps,injection,5,37.56653176009617,126.97804006843675,20.0,4.994381727993494,,,,,,,3,12,37.5665,126.978,20.0,,,,1.9999999999999998,0.0,FENCE_STATUS,GPS 1: detected MAV,STABILIZE,0,0,0,0
2026-07-06T22:28:52.033826+00:00,5.100625514984131,E7_fc-direct_hil-gps,injection,6,37.5665381121154,126.9780480821241,20.0,5.993257945648749,,,,,,,3,12,37.5665,126.978,20.0,,,,2.0000000000000004,1.7763568394002505e-15,HEARTBEAT,GPS 1: detected MAV,STABILIZE,0,0,0,0
2026-07-06T22:28:52.033944+00:00,5.100724220275879,E7_fc-direct_hil-gps,injection,6,37.5665381121154,126.9780480821241,20.0,5.993257945648749,37.5665,126.978,20.0,0.0,5.993257945648749,0,3,12,37.5665,126.978,20.0,0.0,0.0,-0.01,2.0000000000000004,1.7763568394002505e-15,GLOBAL_POSITION_INT,GPS 1: detected MAV,STABILIZE,0,0,0,0
2026-07-06T22:28:52.034034+00:00,5.1008124351501465,E7_fc-direct_hil-gps,injection,6,37.5665381121154,126.9780480821241,20.0,5.993257945648749,,,,,,,3,12,37.5665,126.978,20.0,,,,2.0000000000000004,1.7763568394002505e-15,MISSION_CURRENT,GPS 1: detected MAV,STABILIZE,0,0,0,0
2026-07-06T22:28:52.034188+00:00,5.100967168807983,E7_fc-direct_hil-gps,injection,6,37.5665381121154,126.9780480821241,20.0,5.993257945648749,,,,,,,3,12,37.5665,126.978,20.0,,,,2.0000000000000004,1.7763568394002505e-15,GPS_RAW_INT,GPS 1: detected MAV,STABILIZE,0,0,0,0
2026-07-06T22:28:52.034216+00:00,5.100994825363159,E7_fc-direct_hil-gps,injection,6,37.5665381121154,126.9780480821241,20.0,5.993257945648749,,,,,,,3,12,37.5665,126.978,20.0,,,,2.0000000000000004,1.7763568394002505e-15,FENCE_STATUS,GPS 1: detected MAV,STABILIZE,0,0,0,0
2026-07-06T22:28:52.232077+00:00,5.298878192901611,E7_fc-direct_hil-gps,injection,6,37.5665381121154,126.9780480821241,20.0,5.993257945648749,,,,,,,3,12,37.5665,126.978,20.0,,,,2.0000000000000004,1.7763568394002505e-15,HEARTBEAT,GPS 1: detected MAV,STABILIZE,0,0,0,0
2026-07-06T22:28:52.232230+00:00,5.29901123046875,E7_fc-direct_hil-gps,injection,6,37.5665381121154,126.9780480821241,20.0,5.993257945648749,37.5665,126.978,20.0,0.0,5.993257945648749,0,3,12,37.5665,126.978,20.0,0.0,0.0,-0.01,2.0000000000000004,1.7763568394002505e-15,GLOBAL_POSITION_INT,GPS 1: detected MAV,STABILIZE,0,0,0,0
2026-07-06T22:28:52.232350+00:00,5.299130439758301,E7_fc-direct_hil-gps,injection,6,37.5665381121154,126.9780480821241,20.0,5.993257945648749,,,,,,,3,12,37.5665,126.978,20.0,,,,2.0000000000000004,1.7763568394002505e-15,MISSION_CURRENT,GPS 1: detected MAV,STABILIZE,0,0,0,0
2026-07-06T22:28:52.232559+00:00,5.299340486526489,E7_fc-direct_hil-gps,injection,6,37.5665381121154,126.9780480821241,20.0,5.993257945648749,,,,,,,3,12,37.5665,126.978,20.0,,,,2.0000000000000004,1.7763568394002505e-15,GPS_RAW_INT,GPS 1: detected MAV,STABILIZE,0,0,0,0
2026-07-06T22:28:52.232601+00:00,5.299380540847778,E7_fc-direct_hil-gps,injection,6,37.5665381121154,126.9780480821241,20.0,5.993257945648749,,,,,,,3,12,37.5665,126.978,20.0,,,,2.0000000000000004,1.7763568394002505e-15,FENCE_STATUS,GPS 1: detected MAV,STABILIZE,0,0,0,0
2026-07-06T22:28:52.430408+00:00,5.497213363647461,E7_fc-direct_hil-gps,injection,7,37.56654446413464,126.97805609581145,20.0,6.992134120715214,,,,,,,3,12,37.5665,126.978,20.0,,,,1.9999999999999984,3.972054645195637e-15,HEARTBEAT,GPS 1: detected MAV,STABILIZE,0,0,0,0
2026-07-06T22:28:52.430580+00:00,5.497364044189453,E7_fc-direct_hil-gps,injection,7,37.56654446413464,126.97805609581145,20.0,6.992134120715214,37.5665,126.978,20.0,0.0,6.992134120715214,0,3,12,37.5665,126.978,20.0,0.0,0.0,-0.01,1.9999999999999984,3.972054645195637e-15,GLOBAL_POSITION_INT,GPS 1: detected MAV,STABILIZE,0,0,0,0
2026-07-06T22:28:52.430704+00:00,5.497484445571899,E7_fc-direct_hil-gps,injection,7,37.56654446413464,126.97805609581145,20.0,6.992134120715214,,,,,,,3,12,37.5665,126.978,20.0,,,,1.9999999999999984,3.972054645195637e-15,MISSION_CURRENT,GPS 1: detected MAV,STABILIZE,0,0,0,0
2026-07-06T22:28:52.430918+00:00,5.497698545455933,E7_fc-direct_hil-gps,injection,7,37.56654446413464,126.97805609581145,20.0,6.992134120715214,,,,,,,3,12,37.5665,126.978,20.0,,,,1.9999999999999984,3.972054645195637e-15,GPS_RAW_INT,GPS 1: detected MAV,STABILIZE,0,0,0,0
2026-07-06T22:28:52.430959+00:00,5.4977381229400635,E7_fc-direct_hil-gps,injection,7,37.56654446413464,126.97805609581145,20.0,6.992134120715214,,,,,,,3,12,37.5665,126.978,20.0,,,,1.9999999999999984,3.972054645195637e-15,FENCE_STATUS,GPS 1: detected MAV,STABILIZE,0,0,0,0
2026-07-06T22:28:52.628629+00:00,5.6954309940338135,E7_fc-direct_hil-gps,injection,7,37.56654446413464,126.97805609581145,20.0,6.992134120715214,,,,,,,3,12,37.5665,126.978,20.0,,,,1.9999999999999984,3.972054645195637e-15,HEARTBEAT,GPS 1: detected MAV,STABILIZE,0,0,0,0
2026-07-06T22:28:52.628774+00:00,5.695554733276367,E7_fc-direct_hil-gps,injection,7,37.56654446413464,126.97805609581145,20.0,6.992134120715214,37.5665,126.978,20.0,0.0,6.992134120715214,0,3,12,37.5665,126.978,20.0,0.0,0.0,-0.01,1.9999999999999984,3.972054645195637e-15,GLOBAL_POSITION_INT,GPS 1: detected MAV,STABILIZE,0,0,0,0
2026-07-06T22:28:52.628864+00:00,5.695642948150635,E7_fc-direct_hil-gps,injection,7,37.56654446413464,126.97805609581145,20.0,6.992134120715214,,,,,,,3,12,37.5665,126.978,20.0,,,,1.9999999999999984,3.972054645195637e-15,MISSION_CURRENT,GPS 1: detected MAV,STABILIZE,0,0,0,0
2026-07-06T22:28:52.629080+00:00,5.6958630084991455,E7_fc-direct_hil-gps,injection,7,37.56654446413464,126.97805609581145,20.0,6.992134120715214,,,,,,,3,12,37.5665,126.978,20.0,,,,1.9999999999999984,3.972054645195637e-15,GPS_RAW_INT,GPS 1: detected MAV,STABILIZE,0,0,0,0
2026-07-06T22:28:52.629134+00:00,5.695916414260864,E7_fc-direct_hil-gps,injection,7,37.56654446413464,126.97805609581145,20.0,6.992134120715214,,,,,,,3,12,37.5665,126.978,20.0,,,,1.9999999999999984,3.972054645195637e-15,FENCE_STATUS,GPS 1: detected MAV,STABILIZE,0,0,0,0
2026-07-06T22:28:52.832578+00:00,5.899378061294556,E7_fc-direct_hil-gps,injection,7,37.56654446413464,126.97805609581145,20.0,6.992134120715214,,,,,,,3,12,37.5665,126.978,20.0,,,,1.9999999999999984,3.972054645195637e-15,HEARTBEAT,GPS 1: detected MAV,STABILIZE,0,0,0,0
2026-07-06T22:28:52.832696+00:00,5.89947509765625,E7_fc-direct_hil-gps,injection,7,37.56654446413464,126.97805609581145,20.0,6.992134120715214,37.5665,126.978,20.0,0.0,6.992134120715214,0,3,12,37.5665,126.978,20.0,0.0,0.0,-0.01,1.9999999999999984,3.972054645195637e-15,GLOBAL_POSITION_INT,GPS 1: detected MAV,STABILIZE,0,0,0,0
2026-07-06T22:28:52.832783+00:00,5.899561643600464,E7_fc-direct_hil-gps,injection,7,37.56654446413464,126.97805609581145,20.0,6.992134120715214,,,,,,,3,12,37.5665,126.978,20.0,,,,1.9999999999999984,3.972054645195637e-15,MISSION_CURRENT,GPS 1: detected MAV,STABILIZE,0,0,0,0
2026-07-06T22:28:52.832990+00:00,5.899774789810181,E7_fc-direct_hil-gps,injection,7,37.56654446413464,126.97805609581145,20.0,6.992134120715214,,,,,,,3,12,37.5665,126.978,20.0,,,,1.9999999999999984,3.972054645195637e-15,GPS_RAW_INT,GPS 1: detected MAV,STABILIZE,0,0,0,0
2026-07-06T22:28:52.833027+00:00,5.899806022644043,E7_fc-direct_hil-gps,injection,7,37.56654446413464,126.97805609581145,20.0,6.992134120715214,,,,,,,3,12,37.5665,126.978,20.0,,,,1.9999999999999984,3.972054645195637e-15,FENCE_STATUS,GPS 1: detected MAV,STABILIZE,0,0,0,0
2026-07-06T22:28:53.030782+00:00,6.0975847244262695,E7_fc-direct_hil-gps,injection,8,37.56655081615387,126.9780641094988,20.0,7.991010253192881,,,,,,,3,12,37.5665,126.978,20.0,,,,2.000000000000001,5.0242958677880805e-15,HEARTBEAT,GPS 1: detected MAV,STABILIZE,0,0,0,0
2026-07-06T22:28:53.030963+00:00,6.097749710083008,E7_fc-direct_hil-gps,injection,8,37.56655081615387,126.9780641094988,20.0,7.991010253192881,0.0,0.0,0.0,13173877.35106569,13173880.128915977,0,3,12,37.5665,126.978,20.0,0.0,0.0,-0.01,2.000000000000001,5.0242958677880805e-15,GLOBAL_POSITION_INT,GPS 1: detected MAV,STABILIZE,0,0,0,0
2026-07-06T22:28:53.031091+00:00,6.097870588302612,E7_fc-direct_hil-gps,injection,8,37.56655081615387,126.9780641094988,20.0,7.991010253192881,,,,,,,3,12,37.5665,126.978,20.0,,,,2.000000000000001,5.0242958677880805e-15,MISSION_CURRENT,GPS 1: detected MAV,STABILIZE,0,0,0,0
2026-07-06T22:28:53.031296+00:00,6.098077297210693,E7_fc-direct_hil-gps,injection,8,37.56655081615387,126.9780641094988,20.0,7.991010253192881,,,,,,,1,0,0.0,0.0,0.0,,,,2.000000000000001,5.0242958677880805e-15,GPS_RAW_INT,GPS 1: detected MAV,STABILIZE,0,0,0,0
2026-07-06T22:28:53.031336+00:00,6.0981152057647705,E7_fc-direct_hil-gps,injection,8,37.56655081615387,126.9780641094988,20.0,7.991010253192881,,,,,,,1,0,0.0,0.0,0.0,,,,2.000000000000001,5.0242958677880805e-15,FENCE_STATUS,GPS 1: detected MAV,STABILIZE,0,0,0,0
2026-07-06T22:28:53.229284+00:00,6.2960827350616455,E7_fc-direct_hil-gps,injection,8,37.56655081615387,126.9780641094988,20.0,7.991010253192881,,,,,,,1,0,0.0,0.0,0.0,,,,2.000000000000001,5.0242958677880805e-15,HEARTBEAT,GPS 1: detected MAV,STABILIZE,0,0,0,0
2026-07-06T22:28:53.229398+00:00,6.29617714881897,E7_fc-direct_hil-gps,injection,8,37.56655081615387,126.9780641094988,20.0,7.991010253192881,0.0,0.0,0.0,13173877.35106569,13173880.128915977,0,1,0,0.0,0.0,0.0,0.0,0.0,-0.01,2.000000000000001,5.0242958677880805e-15,GLOBAL_POSITION_INT,GPS 1: detected MAV,STABILIZE,0,0,0,0
2026-07-06T22:28:53.229483+00:00,6.296261310577393,E7_fc-direct_hil-gps,injection,8,37.56655081615387,126.9780641094988,20.0,7.991010253192881,,,,,,,1,0,0.0,0.0,0.0,,,,2.000000000000001,5.0242958677880805e-15,MISSION_CURRENT,GPS 1: detected MAV,STABILIZE,0,0,0,0
2026-07-06T22:28:53.229632+00:00,6.29641056060791,E7_fc-direct_hil-gps,injection,8,37.56655081615387,126.9780641094988,20.0,7.991010253192881,,,,,,,1,0,0.0,0.0,0.0,,,,2.000000000000001,5.0242958677880805e-15,GPS_RAW_INT,GPS 1: detected MAV,STABILIZE,0,0,0,0
2026-07-06T22:28:53.229659+00:00,6.296437740325928,E7_fc-direct_hil-gps,injection,8,37.56655081615387,126.9780641094988,20.0,7.991010253192881,,,,,,,1,0,0.0,0.0,0.0,,,,2.000000000000001,5.0242958677880805e-15,FENCE_STATUS,GPS 1: detected MAV,STABILIZE,0,0,0,0
2026-07-06T22:28:53.433447+00:00,6.50024676322937,E7_fc-direct_hil-gps,injection,8,37.56655081615387,126.9780641094988,20.0,7.991010253192881,,,,,,,1,0,0.0,0.0,0.0,,,,2.000000000000001,5.0242958677880805e-15,HEARTBEAT,GPS 1: detected MAV,STABILIZE,0,0,0,0
2026-07-06T22:28:53.433567+00:00,6.5003461837768555,E7_fc-direct_hil-gps,injection,8,37.56655081615387,126.9780641094988,20.0,7.991010253192881,0.0,0.0,0.0,13173877.35106569,13173880.128915977,0,1,0,0.0,0.0,0.0,0.0,0.0,-0.01,2.000000000000001,5.0242958677880805e-15,GLOBAL_POSITION_INT,GPS 1: detected MAV,STABILIZE,0,0,0,0
2026-07-06T22:28:53.433654+00:00,6.500432729721069,E7_fc-direct_hil-gps,injection,8,37.56655081615387,126.9780641094988,20.0,7.991010253192881,,,,,,,1,0,0.0,0.0,0.0,,,,2.000000000000001,5.0242958677880805e-15,MISSION_CURRENT,GPS 1: detected MAV,STABILIZE,0,0,0,0
2026-07-06T22:28:53.433798+00:00,6.500577449798584,E7_fc-direct_hil-gps,injection,8,37.56655081615387,126.9780641094988,20.0,7.991010253192881,,,,,,,1,0,0.0,0.0,0.0,,,,2.000000000000001,5.0242958677880805e-15,GPS_RAW_INT,GPS 1: detected MAV,STABILIZE,0,0,0,0
2026-07-06T22:28:53.433826+00:00,6.5006043910980225,E7_fc-direct_hil-gps,injection,8,37.56655081615387,126.9780641094988,20.0,7.991010253192881,,,,,,,1,0,0.0,0.0,0.0,,,,2.000000000000001,5.0242958677880805e-15,FENCE_STATUS,GPS 1: detected MAV,STABILIZE,0,0,0,0
2026-07-06T22:28:53.631762+00:00,6.6985626220703125,E7_fc-direct_hil-gps,settle,8,37.56655081615387,126.9780641094988,20.0,7.991010253192881,,,,,,,1,0,0.0,0.0,0.0,,,,2.000000000000001,5.0242958677880805e-15,HEARTBEAT,GPS 1: detected MAV,STABILIZE,0,0,0,0
2026-07-06T22:28:53.631887+00:00,6.6986658573150635,E7_fc-direct_hil-gps,settle,8,37.56655081615387,126.9780641094988,20.0,7.991010253192881,0.0,0.0,0.0,13173877.35106569,13173880.128915977,0,1,0,0.0,0.0,0.0,0.0,0.0,-0.01,2.000000000000001,5.0242958677880805e-15,GLOBAL_POSITION_INT,GPS 1: detected MAV,STABILIZE,0,0,0,0
2026-07-06T22:28:53.631976+00:00,6.698755264282227,E7_fc-direct_hil-gps,settle,8,37.56655081615387,126.9780641094988,20.0,7.991010253192881,,,,,,,1,0,0.0,0.0,0.0,,,,2.000000000000001,5.0242958677880805e-15,MISSION_CURRENT,GPS 1: detected MAV,STABILIZE,0,0,0,0
2026-07-06T22:28:53.632134+00:00,6.698913335800171,E7_fc-direct_hil-gps,settle,8,37.56655081615387,126.9780641094988,20.0,7.991010253192881,,,,,,,1,0,0.0,0.0,0.0,,,,2.000000000000001,5.0242958677880805e-15,GPS_RAW_INT,GPS 1: detected MAV,STABILIZE,0,0,0,0
2026-07-06T22:28:53.632162+00:00,6.698940753936768,E7_fc-direct_hil-gps,settle,8,37.56655081615387,126.9780641094988,20.0,7.991010253192881,,,,,,,1,0,0.0,0.0,0.0,,,,2.000000000000001,5.0242958677880805e-15,FENCE_STATUS,GPS 1: detected MAV,STABILIZE,0,0,0,0
2026-07-06T22:28:53.829990+00:00,6.896807432174683,E7_fc-direct_hil-gps,settle,8,37.56655081615387,126.9780641094988,20.0,7.991010253192881,,,,,,,1,0,0.0,0.0,0.0,,,,2.000000000000001,5.0242958677880805e-15,HEARTBEAT,GPS 1: detected MAV,STABILIZE,0,0,0,0
2026-07-06T22:28:53.830172+00:00,6.896955728530884,E7_fc-direct_hil-gps,settle,8,37.56655081615387,126.9780641094988,20.0,7.991010253192881,0.0,0.0,0.0,13173877.35106569,13173880.128915977,0,1,0,0.0,0.0,0.0,0.0,0.0,-0.01,2.000000000000001,5.0242958677880805e-15,GLOBAL_POSITION_INT,GPS 1: detected MAV,STABILIZE,0,0,0,0
2026-07-06T22:28:53.830291+00:00,6.897071123123169,E7_fc-direct_hil-gps,settle,8,37.56655081615387,126.9780641094988,20.0,7.991010253192881,,,,,,,1,0,0.0,0.0,0.0,,,,2.000000000000001,5.0242958677880805e-15,MISSION_CURRENT,GPS 1: detected MAV,STABILIZE,0,0,0,0
2026-07-06T22:28:53.830491+00:00,6.897270917892456,E7_fc-direct_hil-gps,settle,8,37.56655081615387,126.9780641094988,20.0,7.991010253192881,,,,,,,1,0,0.0,0.0,0.0,,,,2.000000000000001,5.0242958677880805e-15,GPS_RAW_INT,GPS 1: detected MAV,STABILIZE,0,0,0,0
2026-07-06T22:28:53.830528+00:00,6.8973071575164795,E7_fc-direct_hil-gps,settle,8,37.56655081615387,126.9780641094988,20.0,7.991010253192881,,,,,,,1,0,0.0,0.0,0.0,,,,2.000000000000001,5.0242958677880805e-15,FENCE_STATUS,GPS 1: detected MAV,STABILIZE,0,0,0,0
2026-07-06T22:28:54.034134+00:00,7.100939512252808,E7_fc-direct_hil-gps,settle,8,37.56655081615387,126.9780641094988,20.0,7.991010253192881,,,,,,,1,0,0.0,0.0,0.0,,,,2.000000000000001,5.0242958677880805e-15,HEARTBEAT,GPS 1: detected MAV,STABILIZE,0,0,0,0
2026-07-06T22:28:54.034309+00:00,7.101092576980591,E7_fc-direct_hil-gps,settle,8,37.56655081615387,126.9780641094988,20.0,7.991010253192881,0.0,0.0,0.0,13173877.35106569,13173880.128915977,0,1,0,0.0,0.0,0.0,0.0,0.0,-0.01,2.000000000000001,5.0242958677880805e-15,GLOBAL_POSITION_INT,GPS 1: detected MAV,STABILIZE,0,0,0,0
2026-07-06T22:28:54.034472+00:00,7.101258039474487,E7_fc-direct_hil-gps,settle,8,37.56655081615387,126.9780641094988,20.0,7.991010253192881,,,,,,,1,0,0.0,0.0,0.0,,,,2.000000000000001,5.0242958677880805e-15,MISSION_CURRENT,GPS 1: detected MAV,STABILIZE,0,0,0,0
2026-07-06T22:28:54.034792+00:00,7.1015801429748535,E7_fc-direct_hil-gps,settle,8,37.56655081615387,126.9780641094988,20.0,7.991010253192881,,,,,,,1,0,0.0,0.0,0.0,,,,2.000000000000001,5.0242958677880805e-15,GPS_RAW_INT,GPS 1: detected MAV,STABILIZE,0,0,0,0
2026-07-06T22:28:54.034847+00:00,7.101626873016357,E7_fc-direct_hil-gps,settle,8,37.56655081615387,126.9780641094988,20.0,7.991010253192881,,,,,,,1,0,0.0,0.0,0.0,,,,2.000000000000001,5.0242958677880805e-15,FENCE_STATUS,GPS 1: detected MAV,STABILIZE,0,0,0,0
2026-07-06T22:28:54.232309+00:00,7.299113512039185,E7_fc-direct_hil-gps,settle,8,37.56655081615387,126.9780641094988,20.0,7.991010253192881,,,,,,,1,0,0.0,0.0,0.0,,,,2.000000000000001,5.0242958677880805e-15,HEARTBEAT,GPS 1: detected MAV,STABILIZE,0,0,0,0
2026-07-06T22:28:54.232475+00:00,7.299260854721069,E7_fc-direct_hil-gps,settle,8,37.56655081615387,126.9780641094988,20.0,7.991010253192881,0.0,0.0,0.0,13173877.35106569,13173880.128915977,0,1,0,0.0,0.0,0.0,0.0,0.0,-0.01,2.000000000000001,5.0242958677880805e-15,GLOBAL_POSITION_INT,GPS 1: detected MAV,STABILIZE,0,0,0,0
2026-07-06T22:28:54.232617+00:00,7.299397706985474,E7_fc-direct_hil-gps,settle,8,37.56655081615387,126.9780641094988,20.0,7.991010253192881,,,,,,,1,0,0.0,0.0,0.0,,,,2.000000000000001,5.0242958677880805e-15,MISSION_CURRENT,GPS 1: detected MAV,STABILIZE,0,0,0,0
2026-07-06T22:28:54.232817+00:00,7.299597501754761,E7_fc-direct_hil-gps,settle,8,37.56655081615387,126.9780641094988,20.0,7.991010253192881,,,,,,,1,0,0.0,0.0,0.0,,,,2.000000000000001,5.0242958677880805e-15,GPS_RAW_INT,GPS 1: detected MAV,STABILIZE,0,0,0,0
2026-07-06T22:28:54.232856+00:00,7.299634218215942,E7_fc-direct_hil-gps,settle,8,37.56655081615387,126.9780641094988,20.0,7.991010253192881,,,,,,,1,0,0.0,0.0,0.0,,,,2.000000000000001,5.0242958677880805e-15,FENCE_STATUS,GPS 1: detected MAV,STABILIZE,0,0,0,0
2026-07-06T22:28:54.430512+00:00,7.497311115264893,E7_fc-direct_hil-gps,settle,8,37.56655081615387,126.9780641094988,20.0,7.991010253192881,,,,,,,1,0,0.0,0.0,0.0,,,,2.000000000000001,5.0242958677880805e-15,HEARTBEAT,GPS 1: detected MAV,STABILIZE,0,0,0,0
2026-07-06T22:28:54.430628+00:00,7.497407913208008,E7_fc-direct_hil-gps,settle,8,37.56655081615387,126.9780641094988,20.0,7.991010253192881,0.0,0.0,0.0,13173877.35106569,13173880.128915977,0,1,0,0.0,0.0,0.0,0.0,0.0,-0.01,2.000000000000001,5.0242958677880805e-15,GLOBAL_POSITION_INT,GPS 1: detected MAV,STABILIZE,0,0,0,0
2026-07-06T22:28:54.430715+00:00,7.497493505477905,E7_fc-direct_hil-gps,settle,8,37.56655081615387,126.9780641094988,20.0,7.991010253192881,,,,,,,1,0,0.0,0.0,0.0,,,,2.000000000000001,5.0242958677880805e-15,MISSION_CURRENT,GPS 1: detected MAV,STABILIZE,0,0,0,0
2026-07-06T22:28:54.430861+00:00,7.4976396560668945,E7_fc-direct_hil-gps,settle,8,37.56655081615387,126.9780641094988,20.0,7.991010253192881,,,,,,,1,0,0.0,0.0,0.0,,,,2.000000000000001,5.0242958677880805e-15,GPS_RAW_INT,GPS 1: detected MAV,STABILIZE,0,0,0,0
2026-07-06T22:28:54.430887+00:00,7.497666120529175,E7_fc-direct_hil-gps,settle,8,37.56655081615387,126.9780641094988,20.0,7.991010253192881,,,,,,,1,0,0.0,0.0,0.0,,,,2.000000000000001,5.0242958677880805e-15,FENCE_STATUS,GPS 1: detected MAV,STABILIZE,0,0,0,0
2026-07-06T22:28:54.628944+00:00,7.695781230926514,E7_fc-direct_hil-gps,settle,8,37.56655081615387,126.9780641094988,20.0,7.991010253192881,,,,,,,1,0,0.0,0.0,0.0,,,,2.000000000000001,5.0242958677880805e-15,HEARTBEAT,GPS 1: detected MAV,STABILIZE,0,0,0,0
2026-07-06T22:28:54.629124+00:00,7.695904970169067,E7_fc-direct_hil-gps,settle,8,37.56655081615387,126.9780641094988,20.0,7.991010253192881,0.0,0.0,0.0,13173877.35106569,13173880.128915977,0,1,0,0.0,0.0,0.0,0.0,0.0,-0.01,2.000000000000001,5.0242958677880805e-15,GLOBAL_POSITION_INT,GPS 1: detected MAV,STABILIZE,0,0,0,0
2026-07-06T22:28:54.629233+00:00,7.696012496948242,E7_fc-direct_hil-gps,settle,8,37.56655081615387,126.9780641094988,20.0,7.991010253192881,,,,,,,1,0,0.0,0.0,0.0,,,,2.000000000000001,5.0242958677880805e-15,MISSION_CURRENT,GPS 1: detected MAV,STABILIZE,0,0,0,0
2026-07-06T22:28:54.629445+00:00,7.69622802734375,E7_fc-direct_hil-gps,settle,8,37.56655081615387,126.9780641094988,20.0,7.991010253192881,,,,,,,1,0,0.0,0.0,0.0,,,,2.000000000000001,5.0242958677880805e-15,GPS_RAW_INT,GPS 1: detected MAV,STABILIZE,0,0,0,0
2026-07-06T22:28:54.629481+00:00,7.6962597370147705,E7_fc-direct_hil-gps,settle,8,37.56655081615387,126.9780641094988,20.0,7.991010253192881,,,,,,,1,0,0.0,0.0,0.0,,,,2.000000000000001,5.0242958677880805e-15,FENCE_STATUS,GPS 1: detected MAV,STABILIZE,0,0,0,0
2026-07-06T22:28:54.832815+00:00,7.899618625640869,E7_fc-direct_hil-gps,settle,8,37.56655081615387,126.9780641094988,20.0,7.991010253192881,,,,,,,1,0,0.0,0.0,0.0,,,,2.000000000000001,5.0242958677880805e-15,HEARTBEAT,GPS 1: detected MAV,STABILIZE,0,0,0,0
2026-07-06T22:28:54.833013+00:00,7.89980149269104,E7_fc-direct_hil-gps,settle,8,37.56655081615387,126.9780641094988,20.0,7.991010253192881,0.0,0.0,0.0,13173877.35106569,13173880.128915977,0,1,0,0.0,0.0,0.0,0.0,0.0,0.0,2.000000000000001,5.0242958677880805e-15,GLOBAL_POSITION_INT,GPS 1: detected MAV,STABILIZE,0,0,0,0
2026-07-06T22:28:54.833223+00:00,7.900009393692017,E7_fc-direct_hil-gps,settle,8,37.56655081615387,126.9780641094988,20.0,7.991010253192881,,,,,,,1,0,0.0,0.0,0.0,,,,2.000000000000001,5.0242958677880805e-15,MISSION_CURRENT,GPS 1: detected MAV,STABILIZE,0,0,0,0
2026-07-06T22:28:54.833446+00:00,7.900226831436157,E7_fc-direct_hil-gps,settle,8,37.56655081615387,126.9780641094988,20.0,7.991010253192881,,,,,,,1,0,0.0,0.0,0.0,,,,2.000000000000001,5.0242958677880805e-15,GPS_RAW_INT,GPS 1: detected MAV,STABILIZE,0,0,0,0
2026-07-06T22:28:54.833491+00:00,7.900269985198975,E7_fc-direct_hil-gps,settle,8,37.56655081615387,126.9780641094988,20.0,7.991010253192881,,,,,,,1,0,0.0,0.0,0.0,,,,2.000000000000001,5.0242958677880805e-15,FENCE_STATUS,GPS 1: detected MAV,STABILIZE,0,0,0,0
2026-07-06T22:28:55.031213+00:00,8.098012924194336,E7_fc-direct_hil-gps,settle,8,37.56655081615387,126.9780641094988,20.0,7.991010253192881,,,,,,,1,0,0.0,0.0,0.0,,,,2.000000000000001,5.0242958677880805e-15,HEARTBEAT,GPS 1: detected MAV,STABILIZE,0,0,0,0
2026-07-06T22:28:55.031327+00:00,8.098105907440186,E7_fc-direct_hil-gps,settle,8,37.56655081615387,126.9780641094988,20.0,7.991010253192881,0.0,0.0,0.0,13173877.35106569,13173880.128915977,0,1,0,0.0,0.0,0.0,0.0,0.0,0.0,2.000000000000001,5.0242958677880805e-15,GLOBAL_POSITION_INT,GPS 1: detected MAV,STABILIZE,0,0,0,0
2026-07-06T22:28:55.031410+00:00,8.098188877105713,E7_fc-direct_hil-gps,settle,8,37.56655081615387,126.9780641094988,20.0,7.991010253192881,,,,,,,1,0,0.0,0.0,0.0,,,,2.000000000000001,5.0242958677880805e-15,MISSION_CURRENT,GPS 1: detected MAV,STABILIZE,0,0,0,0
2026-07-06T22:28:55.031552+00:00,8.098330974578857,E7_fc-direct_hil-gps,settle,8,37.56655081615387,126.9780641094988,20.0,7.991010253192881,,,,,,,1,0,0.0,0.0,0.0,,,,2.000000000000001,5.0242958677880805e-15,GPS_RAW_INT,GPS 1: detected MAV,STABILIZE,0,0,0,0
2026-07-06T22:28:55.031577+00:00,8.098355770111084,E7_fc-direct_hil-gps,settle,8,37.56655081615387,126.9780641094988,20.0,7.991010253192881,,,,,,,1,0,0.0,0.0,0.0,,,,2.000000000000001,5.0242958677880805e-15,FENCE_STATUS,GPS 1: detected MAV,STABILIZE,0,0,0,0
2026-07-06T22:28:55.229492+00:00,8.296290636062622,E7_fc-direct_hil-gps,settle,8,37.56655081615387,126.9780641094988,20.0,7.991010253192881,,,,,,,1,0,0.0,0.0,0.0,,,,2.000000000000001,5.0242958677880805e-15,HEARTBEAT,GPS 1: detected MAV,STABILIZE,0,0,0,0
2026-07-06T22:28:55.229624+00:00,8.296403884887695,E7_fc-direct_hil-gps,settle,8,37.56655081615387,126.9780641094988,20.0,7.991010253192881,0.0,0.0,0.0,13173877.35106569,13173880.128915977,0,1,0,0.0,0.0,0.0,0.0,0.0,0.0,2.000000000000001,5.0242958677880805e-15,GLOBAL_POSITION_INT,GPS 1: detected MAV,STABILIZE,0,0,0,0
2026-07-06T22:28:55.229710+00:00,8.296488285064697,E7_fc-direct_hil-gps,settle,8,37.56655081615387,126.9780641094988,20.0,7.991010253192881,,,,,,,1,0,0.0,0.0,0.0,,,,2.000000000000001,5.0242958677880805e-15,MISSION_CURRENT,GPS 1: detected MAV,STABILIZE,0,0,0,0
2026-07-06T22:28:55.229857+00:00,8.29663610458374,E7_fc-direct_hil-gps,settle,8,37.56655081615387,126.9780641094988,20.0,7.991010253192881,,,,,,,1,0,0.0,0.0,0.0,,,,2.000000000000001,5.0242958677880805e-15,GPS_RAW_INT,GPS 1: detected MAV,STABILIZE,0,0,0,0
2026-07-06T22:28:55.229885+00:00,8.296663999557495,E7_fc-direct_hil-gps,settle,8,37.56655081615387,126.9780641094988,20.0,7.991010253192881,,,,,,,1,0,0.0,0.0,0.0,,,,2.000000000000001,5.0242958677880805e-15,FENCE_STATUS,GPS 1: detected MAV,STABILIZE,0,0,0,0
2026-07-06T22:28:55.433474+00:00,8.500272989273071,E7_fc-direct_hil-gps,settle,8,37.56655081615387,126.9780641094988,20.0,7.991010253192881,,,,,,,1,0,0.0,0.0,0.0,,,,2.000000000000001,5.0242958677880805e-15,HEARTBEAT,GPS 1: detected MAV,STABILIZE,0,0,0,0
2026-07-06T22:28:55.433592+00:00,8.500371217727661,E7_fc-direct_hil-gps,settle,8,37.56655081615387,126.9780641094988,20.0,7.991010253192881,0.0,0.0,0.0,13173877.35106569,13173880.128915977,0,1,0,0.0,0.0,0.0,0.0,0.0,0.0,2.000000000000001,5.0242958677880805e-15,GLOBAL_POSITION_INT,GPS 1: detected MAV,STABILIZE,0,0,0,0
2026-07-06T22:28:55.433675+00:00,8.500453472137451,E7_fc-direct_hil-gps,settle,8,37.56655081615387,126.9780641094988,20.0,7.991010253192881,,,,,,,1,0,0.0,0.0,0.0,,,,2.000000000000001,5.0242958677880805e-15,MISSION_CURRENT,GPS 1: detected MAV,STABILIZE,0,0,0,0
2026-07-06T22:28:55.433818+00:00,8.500596523284912,E7_fc-direct_hil-gps,settle,8,37.56655081615387,126.9780641094988,20.0,7.991010253192881,,,,,,,1,0,0.0,0.0,0.0,,,,2.000000000000001,5.0242958677880805e-15,GPS_RAW_INT,GPS 1: detected MAV,STABILIZE,0,0,0,0
2026-07-06T22:28:55.433844+00:00,8.500622510910034,E7_fc-direct_hil-gps,settle,8,37.56655081615387,126.9780641094988,20.0,7.991010253192881,,,,,,,1,0,0.0,0.0,0.0,,,,2.000000000000001,5.0242958677880805e-15,FENCE_STATUS,GPS 1: detected MAV,STABILIZE,0,0,0,0
